artist_id,artist_name
100155,"Various Artists - Azzurra Music"
100545,"Génération 80"
101408,"Generation 90"
102976,"Chansons Du Soleil"
103045,"Top TV 80"
103061,"Generation R&B"
148326,"Best Of Hits"
148354,"Collection Grands Classiques"
154485,"Un Siècle De Musiques De Films"
260250,"Compilation Générique TV"
317527,"Les Choeurs De Noël"
323538,"Future Hitmakers"
326393,"Christmas Songs"
342865,"Generation Mix"
378599,"Chansons et comptines"
607173,"Fun Hits"
607174,"Variété Française"
614025,"Yoga"
1003732,"100 Ans De Musiques De Films"
1184968,"Zen Music Garden"
1198404,"Pop 90 Orchestra"
1206296,"New York Jazz Lounge"
1210321,"Pop 80 Orchestra"
1351022,"Nature Sounds Nature Music"
1622308,"Universal Sound Machine"
1650516,"Movie Sounds Unlimited"
1658572,"Purple Disco Machine"
3159141,"La playlist des vacances"
4293493,"Chansons de Noel"
4293527,"Musique de Noel Academie"
5143340,"Le Choeur des Enfants"
5845951,"8-Bit Arcade"
6721277,"The Soundtrack Studio Stars"
6881923,"Comptines TV"
7047655,"La Superstar Des Comptines Rondes Et Berceuses"
7960308,"Les années 90"
8241584,"La Musique de Jazz de Détente"
9934148,"Daily Classic"
111847281,"Jazz douce musique d'ambiance"
12187072,"100% Hits - Chanson Française"
12592840,"Remix Sport Workout"
13670585,"Monde des Titounis"
14385537,"Tubes variété française"
303718,"Musique De Film"
7149685,"Ensemble Noël Forever"
9623960,"Inconnu. Compositeur Auteur"
8953,"Rock"
809170,"NO ARTIST"
9219,"Disney"
138663842,"Comédie-Française"
5080,"Various Artists"
72829,"Nature"
82350,"Anonymous"
9334696,"Ensemble de Musique Zen Relaxante"
7047655,"La Superstar Des Comptines Rondes Et Berceuses"
113877352,"Lofi Fruits Music"
1351022,"Nature Sounds Nature Music"
1384887,"Rain Sounds"
7556588,"Fearless Motivation Instrumentals"
7556588,"Fearless Motivation"
1206296,"New York Jazz Lounge"
10490735,"Bouddha musique sanctuaire"
11206176,"Geek Music"
123564162,"Sleep Fruits Music"
1518108,"Bar Lounge"
304587,"Electro Lounge All Stars"
72042482,"Music Travel Love"
171522057,"sped up nightcore"
874704,"The Kiboomers"
10600841,"La Reine des chansons pour enfants et bébés"
12387848,""
66006282,""
10278650,""
201397497,""
9003438,""
68260072,"Musique apaisante: d'Marie"
8358182,"Bruit Blanc"
9110932,"Sommeil profond"
2228191,"Recherche sur le Bruit Blanc"
11976468,"Comptines"
12358858,"Sons de la Nature Projet France"
1182806,"Oasis de Détente et Relaxation"
8101459,"Zone de Détente"
9631962,"La fée des berceuses"
148551,"Sounds Of Nature"
11847281,"Jazz douce musique d'ambiance"
7903288,"Musique de Yoga"
8222242,"Zone de la Musique Relaxante"
11438486,"Zen Ambiance D'eau Calme"
68032132,"Berceuse bébé"
12062156,"Workout Music Tv"
9461686,"Relaxation Meditation Songs Divine"
10228572,"Oasis de sommeil"
67912782,"Médecine Relaxante"
1185978,"Musique Douce Ensemble"
1351107,"Piano Relaxation Music Masters"
9210076,"Contes pour enfants"
98220252,"Bruit De La Mer"
9751222,"Musique pour l'Étude Spécialiste"
4624308,"Musique pour Enfants Dodo"
10815132,"Club de Méditer de Détendre"
11799649,"Sophrologie musique d'ambiance"
11904883,"Canciones Para Bebés Y Música Para Bebé"
1605060,"Piano Instrumental"
78184482,"Les plus belles comptines d'Okoo"
1420041,"Christmas Hits"
152575,"Petit Ours Brun"
59088142,"Histoires et contes pour enfants"
67304572,"Relaxing Radiance"
51971232,"ASMR Glow"
342868,"50 Tubes Du Top"
64147172,"Jazz Lounge Playlist"
85070,"Les Voix De L'émotion"
1461005,"Musique de Relaxation"
7391966,"Bébé Berceuse"
7574792,"Just Relax Music Universe"
1461000,"Musique Relaxante et Détente"
7484874,"Oasis de Musique Zen Spa"
206916147,"Musique Calme Et Relaxation"
10503705,"Piano musique académie pour bébé"
1603349,"Interprètes Divers"
1241690,"Les Amis Du Père Noël"
5420819,"Meditative Mind"
893887,"Disco Fever"
59192102,"Bossa Nova Covers"
83549342,"Bulles de Légèreté"
13904747,"Motivation Sport Fitness"
1351149,"Asian Zen Spa Music Meditation"
6754503,"Retro X"
7960252,"Tubes Top 40"
9460316,"Musique pour Détendre en Temps Libre"
8156502,"P'tit Loup"
3842681,"Sleep Songs with Nature Sounds"
607175,"Tubes De L'Eté"
1947651,"Zen Meditation and Natural White Noise and New Age Deep Massage"
10271416,"Spa Musique Collection"
49688232,"Hypnose Meditation Relaxation"
4520291,"Violin Music"
99408,"Generation Fête"
76096612,"Jazz Manouche Playlist"
93822,"Studio Group"
153059672,"Musique Pour Le Sommeil"
518584,""
11704285,"Detente Spa Musique Collection"
69602,"Le Top des Tout P'Tits"
4514835,"Acoustic Hits"
126739572,"Piano Fruits Music"
651382,"Audio Idols"
1221900,"Musique Relaxante"
538986,"Chillout Lounge"
3843191,"Sleep Songs 101"
52408262,"Relaxation Sommeil et Détente"
11681625,"Pure zone des bruits naturels"
11682333,"Bien-être Spa Musique Collection"
6133368,"Musique Zen"
50191642,"Pop variété française"
3841121,"Musique Ambiance Détente"
148749,"Nature Sounds"
13974583,"Jazz Relax"
8512250,"Nature Académie"
1171451,"Electronic Music"
665971,"Relaxation Ensemble"
13730535,"Instrumental Soon"
4849520,""
5152752,"Musique Zen Garden"
14612473,"Zen Musique Détente"
11850469,"Guérir L'insomnie Académie"
95626962,"Bethoven Masterpieces"
6757017,"Hollywood Hits"
13450043,"Chansons de Noël et Chants de Noël"
9712754,"Zen Shiatsu Musique de Massage Spa Unité"
14119633,"Sieste Illimitée"
84870002,"Musique Zen!"
10313524,"Buddhist méditation académie"
1461006,"Bien Dormir"
1019883,"Relaxing Zen Nature"
82231542,""
9105008,"Nature des sons de guérison collection"
7661734,"Musique Douce Academy"
12414930,"Yoga Flow"
3595391,"Anti Stress"
378507,"Relaxing Music"
102314042,"Sleep Deeply Brown Noise"
1360235,"Sleeping Music"
4086775,"Smooth Jazz All Stars"
651387,"Friday Night At The Movies"
326220,"50 Tubes Au Top"
1416434,"The Beatles Recovered Band"
364062,"Relaxation Big Band"
77225192,"Musique Classique Maestro Mozy"
8693734,"Sérénité Océan"
97781,"Joyeux Anniversaire"
1615255,"Le Monde d'Hugo"
115060,"Biosphere: Nature Sounds & Music"
1936951,"Musical Spa - Massage Music"
74965762,"Musique Pour Faire Dormir Bébé"
12828999,"Sleep Baby Sleep Music"
52408222,"Musique Calme et Relaxation"
1459747,"Sacrée Soirée"
4401681,"Music Factory"
51450732,"Disney Peaceful Piano"
1376693,"Musical Mania"
1534484,"Le Meilleur des Tubes en Karaoke"
1187560,"Massage Therapy Music"
10411336,"Piano bar musique masters"
7764034,"Piano Bar Music Experts"
439030,""
163315937,"Ambient Gate Music"
9846472,"El hada de las canciones de cuna"
4337827,"Musica Para Meditación Profunda"
5018530,"Maher Shakhashero"
1382074,"Abdul Rahman Al Sudais"
4585991,"Emmanuel Music"
50992852,"Music Body and Spirit"
10069836,"Hillsong En Français"
2047421,"Abderrahman Soudais"
4088024,"Dangerous Minds Music from the Motion Picture"
1313282,"Sheikh Maher Al Muaiqly"
65403952,"Omar Hisham"
10200920,"Caracol Televisión"
10466017,"Muhammad Al Muqit"
7262662,"Communauté De L'emmanuel"
13102817,"Petit Papa Noël"
4325843,"Maher El Muaiqli"
1389928,"Tabata Songs"
1518489,"WWE"
5062319,"Dorothée Pousséo"
5529186,"Sheikh Mishary Rashid Alfasay"
6576739,"Nounours"
4390413,"Maher al Muaiqly"
13200837,"KALLY'S Mashup Cast"
651061,"Karaoké Playback Français"
104565652,"Julie and the Phantoms Cast"
11786839,"Baby Mozart"
11516921,"La La Land Cast"
13513859,"Soft Sexy Guitar - Chill out Background Instrumental Music Songs, Ibiza Chill out Party, Relaxing Mindfulness Meditation Relaxation Maestro"
88072992,"HeyKids Comptine Pour Bébé"
462157,"Done Again"
4088420,"Le silence des Mosquées"
5994572,"Abdul Rahman Al Sodais"
250294,"The Last Samurai"
3196301,"Mishary Al Afasy"
12872923,"Berceuse Pour Bébé"
53747532,"Chantant Des Enfants"
1517905,"Sleep Sounds of Nature"
269805,"Céline Dion, Jean-Jacques Goldman"
301885,"Ciao Italia !"
434058,"Benny Hinn"
13795,"Dr. Dre, Snoop Doggy Dogg"
367346,"Zafè Chô"
90491362,"Mishary Rashid Al-Afasy"
157114942,"TELL YOUR STORY music by Ikson™"
139079,"Limo"
94221,"Studio Allstars"
99395,"Rayan"
52861042,"Salim Bahanan"
110307,"Jane Winther"
371840,"The Party Band"
133492,"Esteban"
11821739,"Relaxation mentale"
14392,"Le Groupe Apollo"
100322,"Daoudi"
83515,"A.m.p."
64485682,"Al Sheikh Maher Al Muaiqly"
283643,"Jamie Llewellyn"
458683,"Agrupación Reggaeton"
96717,"Ágata"
12790909,"Elvis Presley"
89780,"Ambiente"
309391,"Buddha Bar"
52773332,"Chœurs - Bambi"
4547677,"Piano 101"
1597184,"Baby Music"
1955681,"Sleep Music Lullabies"
4513987,"The Yoga Mantra and Chant Music Project"
52773092,"Chœurs - Peter Pan"
52827172,"Nutolina"
10315220,Relax musica zen club
11822875,Méditation guidée zen sanctuaire
10276672,Zone de la musique zen
11870845,Exercices à zen musique douce
76587,Kastelruther Spatzen
10611425,Oasis de musique jazz relaxant
12463216,Jazz relaxant acadèmie
7858366,Lounge relax
11004310,Tubes années 60
12130574,Tubes des années 90
14495103,Top 40 des années 80
5288305,Le meilleur des années 80
11019232,Le meilleur des années 60
14390863,Tubes années 80
60992002,Comptines Pour Enfants
60992002,Comptines Pour Enfants
11535399,Le meilleur de la pop française
11996914,Le meilleur de la chanson française
57751572,Little Baby Bum Comptines Amis
73039182,Jazz Chat Louis Comptines
6464589,Pro Sound Effects Library
14117275,"Zen Meditation and Natural White Noise and New Age Deep Massage, Relaxing Mindfulness Meditation Relaxation Maestro, Deep Relaxation Meditation Academy"
1346859,Meditation
1108979,"Natural White Noise - Music for Sleep, Relaxation, Meditation"
6785983,Nirvana Meditation School Master
4548771,Satori Meditation
1350952,Meditation Masters
13501107,"Best Café Chillout Mix, Lullaby Land, Sounds of Nature White Noise for Mindfulness Meditation and Relaxation"
1427838,Baby Lullaby
4545425,Baby Lullaby & Baby Lullaby
98765012,Lullaby Time
12785881,"Ambient Music Therapy (Deep Sleep, Meditation, Spa, Healing, Relaxation), All Night Sleeping Songs to Help You Relax"
86672752,Sleep Sounds Ambient Noises
9248554,Sleepy Times
11480248,Binaural Beats Sleep
4590652,"Raining White Noise Sleep Sound: Increase Focus, Concentration, Privacy - Heal Migraines, Headaches, Tinnitus with Raind"
67304522,White Noise Radiance
57345682,Workout Gymnastic Training
148654,Prestige Collection
104890062,Sleeping Clouds
1288956,Jive Ass Sleepers
1493493,Chorus - Sleeping Beauty
9119162,Sleep Harmony
62765932,ASMR Sleep Sound Project
6876827,Asmr
108818202,Alinea Asmr
152608732,Alteanne ASMR
92102142,Tina ASMR
74383812,Colomba ASMR
68978402,ASMR Earth
126317162,Rendez-Vous ASMR
74048772,Roxane ASMR
106623152,Thildou ASMR
113629872,Asmr with Sasha
108481082,ASMR HANNA
1947411,Sleep Baby Sleep
1938471,All Night Sleeping Songs to Help You Relax
67304552,Spa Radiance
1351006,Spa & Spa
7174966,Tranquility Spa Universe
12611511,Spa de Luxe
51693862,Hotel Spa
84866142,Zen Spa Zen Relaxation Zen Massage
7692928,Sauna Spa Paradise
7579676,Healing Oriental Spa Collection
7860808,Meditation Mantras Guru
13412547,Nu Meditation Music
1937691,Relaxation and Meditation
1947721,Meditation Spa
6941307,Mindfulness Meditation Music Spa Maestro
11539825,Powerthoughts Meditation Club
4323334,Music for Deep Meditation
384495,Party Tyme Karaoke
321401,The Karaoke Channel
4770049,ProSource Karaoke
4314993,Ameritz Countdown Karaoke
4958150,Singer's Edge Karaoke
5424973,Mega Tracks Karaoke Band
1484380,Ameritz - Karaoke
1440439,Ameritz Audio Karaoke
1350978,Relaxing Piano Music Masters
11899521,"Relaxing Spa Music Zone, Tranquil Music Sound of Nature, Sleep Songs with Nature Sounds"
1937391,Relaxing Instrumental Jazz Ensemble
1939461,Relaxing With Sounds of Nature and Spa Music Natural White Noise Sound Therapy
13724975,"All Night Sleeping Songs to Help You Relax, Relaxing Instrumental Jazz Academy, Exam Study Classical Music Orchestra"
11832131,Relaxing Piano Crew
798891,Relaxing Piano Music
138259192,Berceuses Piano
11177990,Berceuses Radio Doudou
49589712,Berceuse Pour Bébé Yin et Jan
81019312,HIIT BPM
255205,TV Themes
1225015,Génériques De Séries Télé / TV
11936665,Cafe Les Costessey Club Dj Chillout
12055520,Cafe Latino Dance Club
49887992,Cafe Jazz Saint Germain
4235601,Vintage Cafe
1398854,Bossa Cafe en Ibiza
9136894,Lounge Bar Ibiza
9977156,New York Lounge Jazz
97899902,Jazz Lounge Bar Ambiance
6852639,Buddha Hotel Ibiza Lounge Bar Music DJ
13168503,"Chillout Lounge, Tropical House & Ibiza Lounge"
49009581,Jazz Lounge Bar
10178762,Chillout Lounge Relax
4890449,Jazz Lounge Music Club Chicago
50449042,Chillout Lounge From I’m In Records
122111,Jazz Lounge
126993,Lounge Café
7846064,Deep House Lounge
1517831,Saint Tropez Radio Lounge Chillout Music Club
8972460,Ibiza Deep House Lounge
141087,New York Lounge Quartett
5152754,Lounge Détente Vague
1685137,Brazilian Lounge Project
13499687,"Buddha Spirit Ibiza Chillout Lounge Bar Music Dj, Sax Chill out, Chillout Jazz Collective"
4545448,Yoga Trainer
62336182,The Yoga Studio
4545255,Yoga Club
14286277,Yoga Musique Prime
1517858,Salutation au Soleil École Yoga
7573170,Tantra Yoga Masters
356730,American Country Hits
1853751,Chart Hits Allstars
651026,Hits Variété Pop
7991432,DJ Hits
7366796,Rock Classic Hits AllStars
1451984,Hits Des Ventes
1234417,80s Greatest Hits
1234431,70s Greatest Hits
6306930,Charts Hits
14705177,Best of 90s Hits
14120191,Dormir Profondément Prime Musique
4811195,"Musique De Relaxation, Bruit Blanc, Bébé, Sommeil, Bébés, Nouveau Né, Aide Au Sommeil, Musique Pour Dormir & Sons De Pluie"
9102878,Détente bébé dormir chansons
12873307,Canciones De Cuna Para Dormir Bebes
1486536,
70486352,
112878022,
153243,
891376,
1444686,
78087272,
4324427,
10768140,
208293797,
10225328,
4849524,
201310,
1477931,
4133805,
212858087,
119307842,
4849521,
13192437,
5642649,
216279485,
1182429,Musique Romantique Ensemble
8982082,Spa Musique Massage
51155092,Musique Douce
14291987,Focus concentration musique
4545404,Musique Triste Piano
153562652,Musique du Spa
8693732,Musique Coeur de la Nature
13608477,Musique Jazz Détente Club
10602925,Instrumental Jazz Musique d'Ambiance
9148876,Maîtres de Musique Tantriques
148391,L'Intégrale Des Musiques De Films
9102984,Groupe de musique de sommeil profond
71970822,Musique Relaxation
4811198,"Musique De Relaxation, Bruit De La Mer, Bruits De L'eau, Bruits De Vagues & Mer"
1219680,Various Musique
4890308,Musique Piano Spa
1186271,Musique Celtique Ensemble
138736042,Boîte à Musique de Bébé
13959125,Musique Relaxante & Bedtime Baby
259458,Collection musiques douces pour les tout-petits
10413538,Erotique Chillout Musique Café
9209016,Relaxante musique de méditation profonde
3876711,Musique de Gym Club
14708145,Musique Douce Ensemble & Musique de Relaxation
1518112,Musique Triste
153568902,Musique de Concentration Pour Le Travail
1186743,Musique Japonaise Ensemble
58829,Musique De La Garde Républicaine
57703,La Musique De Bébé
11824181,Académie de Musique des Oiseaux
114857462,Musique de Noel
4811197,"Musique De Relaxation, Musique & Relaxation"
100943522,Chant d'Oiseaux
11820845,Ensemble de Musique Calme
11676107,Ensamble de Musique Méditation
11473610,Musique Thérapeutique Naturelles
7588390,Musique chinoise
147726392,Musique Calmante Pour Chiens
137126942,Musique pour la Concentration
11174686,Petits Yogis Musique Masters
8777152,Musique de Relaxation Grossesse
1460998,Musique Relaxante Relax
115501232,Musique Relaxante 101
8561934,Flute Music Group
6503237,Tabata Music
80416182,Chill Beats Music
12181468,My Music Family
4499067,Chanson de Noel
13501391,"All Night Sleeping Songs to Help You Relax, Zen Music Garden, Calm Music for Studying"
1405236,Film Musical Orchestra
2148731,The Best of Italian Pop Songs
7568708,Running Music Workout
1120568,Massage Music
142885612,Troniq Music
3857211,Extreme Music
1036444,High School Music Band
1185446,Romantic Music Ensemble
13725645,"Nature Sounds for Sleep and Relaxation, Peaceful Piano Collection, Reading Music Ensemble"
606161,Dance Music Decade
14280257,Mozart Lullabies Baby Lullaby & Sleep Music Piano Relaxation Masters
13684057,"Deep Sleep Music Delta Binaural 432 Hz, Cool Chillout Zone, Musica De Piano Escuela"
7201946,Sleeping Baby Music
8405858,Oriental Music Zone
1351023,Musica Relajante
9243964,Best Of House Music
1351090,Buddha Hotel Bar Music Dj
1448907,Piano Music Experts
52099032,Baby Music from I'm In Records
93630,The New Musical Cast
7811860,Restaurant Background Music Academy
71313512,Concentration Music for Work
126866852,Jazz Fruits Music
102268422,Movie Music
113250682,Relax Music Channel
5188336,Christian Music Guru
5495084,Meditative Music Guru
12954351,Relax Music For Reading
1186053,Serenity Music Ensamble
136272442,Ninjago Music
4020807,Paris Music
77256312,Cast of High School Musical: The Musical: The Series
1233958,The Country Music Heroes
3841891,Piano Bar Music Specialists
70177512,Musicothérapie du sommeil
1184206,Restaurant Music Academy
7935884,Instrumental Jazz Music Ambient
13262479,Musicothérapie Chinoise
14710045,Calm Music
1997851,Studying Music
4087246,The Disco Music Makers
384454,Stingray Music
5163128,Irish Songs Music
4063657,Heart Music
9772686,Sleepy Night Music
11909525,"Instrumental Christian Songs, Christian Piano Music, Praise and Worship & Christian Hymns"
1196775,1940s Music
11084720,Power Music Beatz
651255,Comédies Musicales
410192,Workout Music
6967801,Music Legends
1948041,Reading and Study Music
84420182,Extra Musica Nouvel Horizon
177042537,HARDSTYLE MUSIC
1398844,Exam Study Classical Music Orchestra
1185447,Calm Music for Studying
4668332,Malian Musicians
200098,Jazz
7607494,Amazing Chill Out Jazz Paradise
1227772,Chilled Jazz Masters
1183107,Bossa Nova Latin Jazz Piano Collective
11711835,Jazz Instrumental Relax Center
5498934,Jazz Playlist Masters
5357390,Jazz Blues Consort
11787809,Restaurant jazz sensation
251635,Jazz Instrumentals
58760622,Jazz Instrumental Chill
4350032,Soft Jazz
13395481,Jazz Piano Bar
68611932,Jazz Ambiance
1350966,Jazz Piano Club
51980472,Jacob's Piano
10961478,Piano Peace
390076,Piano
4549003,New York Pianobar
58890692,Piano Calm
128295762,Piano Cat
15289859,Chansons Enfants Piano
2490861,Piano Tribute Players
2082561,Intouchables Piano
10747282,PianoSista
125606,Piano bar
1227377,The Rock Masters
5406156,Rock Playlist Masters
1376704,Viva La Rock
148589,Génération Pop-Rock
9848236,Deep Focus Study
13649961,Hits 2017
1565137,"Cuban Jazz Legends feat. Peruchin nieto, Tata Güines, Changuito"
11085134,Jazz Cigano Quinteto
1645416,Ultimate Tribute Stars
5334334,Cast - Frozen
1189028,PopMusik
435022,Les Tubes Du Mondial 2010
51991422,Mortelle Adèle
5548078,New Tribute Kings
101554,Les Top Machine
1377760,British Pop All-Stars
7960312,Nos Années 90
99625332,Kids Love Disney
1879121,Tonight's Gonna Be a Good Night
93914,Tribute Stars
7178946,La playlist du nouvel an
1474221,Compilation 80's
646935,Disco Fries
1699835,Danser
463437,Workout
1604868,Kuduro Workout Crew
317669,Cardio Workout Crew
1680056,Ameritz Tribute Tracks
1224668,Chants De Noël
368669,Tribute Mega Stars
1193078,Kings of Pop
97967,AVID All Stars
4163980,Ameritz Countdown Tributes
61237992,Les Petites Canailles
1230584,Chanteurs Pour Enfants
1672519,Ameritz Tribute Club
310090,The Film Band
365239,Summer Hit Superstars
303931,Union Of Sound
5529045,Tubes radios
183979777,Speed Sounds
1376700,Age Of Rock
5975472,Party Pride
5805827,Lee Mashup
1452964,Succès D'Italie
1585174,Dub Silence
307109,Génération Noël
11072056,Folk Road Show
55803,Cover Team
1232626,The 80's Allstars
99398,Generation Rap
7960310,Tubes 90
1376691,Paradis Français
11004302,Années 80 Forever
3731601,All Star Tribute Band
4084626,"Bad Boys 2 The Original Motion Picture Soundtrack featuring P.Diddy, Nelly and Murphy Lee"
4336731,"The Hit Co., The Tribute Co."
14083877,90s Flav
94223,Future Pop Stars Of America
112322,Various Artists - AC/DC Tribute
5939672,Les tubes du coeur
99376,Generation Karaoke
550693,Moving On 80's
440681,Highway To Hell
14473001,LL Kids Chansons Pour Enfants
115711,Super Party 80
165239017,Cast – Disneyland Paris
55205642,Rap Tsunami
286091,Compilation Les Années 50 : la légende américaine
5694316,80's Masters
70373,Lapin Câlin
4183196,La Chorale du Père Noël
7633570,Billboard Masters
1707083,Ball So Hard (Wanna Find Me Cray)
1399015,Compilation Années 80
108175062,Marie S'Infiltre
1664177,Ameritz Tribute Standards
651050,Techno Dance Special Tuning
148320,Génération Reggaeton
7963166,Soundtrack Wonder Band
1653463,The Gym All-Stars
98593472,Les Meilleurs Hits Dance
1213033,90s Maniacs
9947866,L'Essentiel De La Chanson Française
2995351,Don't Listen to a Word I Say
5415946,I Don't Care Anymore
617563,D.J. Rock 90's
1373613,The Summer Hits Band
14531957,Tubes français 80
5990962,Les tubes du mondial de foot
5164628,Acoustic Guitar Songs
1635614,Artistes variés
1617114,The Love Allstars
9777878,Hit The Button Karaoke
9844162,Hip Hop Instrumenatls
887857,Top 40 Hits
94005,Karaoke - Ameritz
84877952,MSK Music
50866602,Chansons Pour Enfants Bébé TaTaTa
65783782,Tropical Jazz Trio
1692764,Film & TV Masters
12943333,Fan des années 2000
1457955,Succès Des Années 60
1186365,French Dinner Music Collective
7465602,Détente et Relaxation
4608039,Hit Crew Masters
53759312,Music Falcon
1214462,Relaxation
1234063,R n B Allstars
7395062,Dance Hits 2015
352084,2010s Karaoke Band
4345519,90s Allstars
5048547,Playlist DJs
1572747,Pop Hits
9770350,Acoustic Covers
1416652,SEVEN NATION ARMY.
5404994,Sing2Piano
303526,Modern Rock Players
9083896,Workout Motivation
148447882,lofimind
79275,Art Blakey's Jazz Messengers
157739,Various
7117115,Ghost of Christmas
165816,NYC Jazz Quartett
10309324,Lo Mejor del Rap y del Hip Hop
4756106,The Karaoke Universe
150981412,One Compilation
5588274,Années 80
15290417,Chansons Instrumentales Pour Enfants
5364345,Turnaround Karaoke Crew
1653498,TV Sounds Unlimited
55153,Génération Latina
12928075,High School Music
5517933,Dance Hits 2014
12958817,Música Clásica Para Bebés
55577092,Rap Attack
1224661,Chansons Enfantines Et De Noël
4487087,Les bébés dormeurs
63514192,CelliPiano
84953342,Mes p'tits classiques
201824887,Leck
116819,Various Artists - The Beach Boys Tribute
9170110,Instrumental Trap Beats Gang
107756152,Buddha-Bar
134498892,Dj Tik Tok Mix
252219,Christmas Music
1648156,Les Génériques De Notre Enfance
4072711,Soundtrack of Your Life
11011244,Top des yéyés
11991074,Musique de mariage
11641995,JT Music
303636,Génération Idoles
386897,Dr.Dre
74464352,Hip Hop Instrumental Daemon
81703832,Carbon Fiber Music
51827992,8D Audio
55037582,Rap Beats Instrumental
53438902,Halloween Horreur
9219384,Rain Sleep
75272022,Yoga Shala
7179300,Les tubes du nouvel an
4586996,Karaoke Allstars
55630772,Rap Flows
3836751,Top 40 Pop Hits
74464362,Gangsta Rap Crew
11156548,Jetlag Music
1398426,Agrupamento Musical Diapasão
2648811,Ameritz - Tribute
5529115,Acoustic Chill Out
4557772,Ameritz - Tributes
11673765,2017 DJ Mo Fleeks
503753,ProTracks (Karaoke)
303641,Les Tubes Du Grenier
52015642,Relaxation Bébé Prime
93745,The Piano Maestros
1398800,Chansons de Noel Academie
1398800,Chansons de Noel Academie
148346,Chants De Marins
4784030,Karaoke Pro
1550198,dieserBuddha
11675749,Les Principales Sons de Relaxation
5487326,M
148970,Les 12 Salopards
6696231,Meditation Guru
1416087,Les petits choeurs de Noël
10491513,Triste piano musique oasis
9712802,Tantrisme Amour
342948,Workout Allstars
376482,Off The Record Karaoke
870610,Chansons d'Amour
98391352,Musique Pour Faire du Sport Entraînement
5345999,Ameritz Top Tributes
4293691,Douce Nuit
55052052,Gangster Rap Beats
95689482,Famille Musulmane
1398435,Karaoke Charts
11389836,Nеизвестный Исполнитель
4399840,Ameritz Digital Karaoke
49600702,Comptines De Guitares
798648,The Karaoke Crew
106486892,Ambiance Calme
14133727,Nursery Rhymes and Kids Songs
69526,August Rush (Motion Picture Soundtrack)
14482951,Hits chansons d'amour
1234001,Rock Masters
424603,YVAN LE BOLLOC'H
382429,Compilation Titres cultes de la Chanson Française
7149687,Chants et chansons de Noël
73062,Royal music Paris
168131,Bossa Nova
8222234,Musique de Piano de Détente
65608372,Groupe Crédit Agricole
801072,ProSound Karaoke Band
4060140,Workout Buddy
7678600,Meilleures B.O de films et séries
6215200,60's 70's 80's 90's Hits
5152704,Lounge Music Café
9593220,CrossFit Junkies
1891161,Party Rock Is in the House Tonight
69955512,Yoga Master
125243982,Techno Music
80245242,SJAY Music
863062,ACCORDEON
192186,Metal Sound
2823241,I Think I Wanna Marry You
11649381,2017 Billboard Masters
168431,Ibiza Lounge Club
1274622,Musique Africaine
5121060,The Dance Music Makers
4484604,Starlite Rock Revival
5645079,2014 Golden Cove
9116840,Le sommeil de bébé
8560942,Horror Music Collection
1214318,Ragtime Music Unlimited
1225006,Chansons Françaises
7836904,Guitare relaxante
713510,hits
53258752,Her Songs
992334,Tik Tok
8580468,The Eric Clapton Tribute
1460986,Body Fitness Workout
63320972,Piano Project
7173470,Mr. Chillout
316136,The Best Of Chill Out Lounge
12288692,Latino Dance Music Academy
7875888,Nu Rock City
2673791,Grease Musical Band
5314984,River flows Twilight Piano
1376694,Musiques Idolées
50223902,2018 HiBeatz Masters
5645075,2014 Chart Mogul
84406212,TikTok Music
12005512,Chansons pour enfants Loulou et Lou
15206681,Compilation Coupe du Monde 2018
365053,The Greatest Hit Squad
9546940,Noel Détente Suite
7139025,Musiques de Noël
9546940,Noel Détente Suite
260248,Do Piano
8800254,New York Jazz Trio
1517882,Chanson Arabe Académie
14493607,100% hits français
9644858,2016 Dynamo Hitz
140522842,100% konpa
4512270,Music Junkie
668479,Jazz Saxophone
69732,Original Soundtrack
118195,Various Artists - Sweet Mother Records
13024267,The Voice Kids - Saison 4
7701308,Bonne Nuit Academie
4900446,Deep House Music
71573462,They Might Be Giants (For Kids)
53003372,Lofi Hip-Hop Beats
87559942,Muslim - مُسلِم
11357190,Chill Out 2017
1957891,Halloween Music
93397322,Ludovica Piano
7061961,Restful Classic
4015397,Maya L'Abeille
4950702,"The Erotic, Sexy, Smooth Jazz, Romantic Saxophone, Love Making Music Band"
1224361,La Collection En Or Des Chansons Françaises
303649,"Striptease, Lap And Pole Dance"
303643,Les Plus Belles Reprises
1398860,Chillout Lounge Summertime Café
1547232,Thematic Pianos
4069220,Café Ibiza Chillout Lounge
10530371,2016 Billboard Masters
1452968,Super Hits
4890273,Musica para Dormir Dream House
303342,The Cocktail Lounge Players
11566097,FanChants: Supporters Olympique
11725471,Zone de Relaxation
7959794,90s Dance Music
112434,Various Artists - The Eagles Tribute
5318710,Les P'tits Loups du Jazz
6198402,Chansons pour enfants
666021,Ameritz Karaoke Band
11655381,Piano para Relaxar
9963118,Music for Reading
12245336,Latin Workout
1511579,We Wish You A Merry Christmas
8533578,White Knight Instrumental
1350991,Horror Music Orchestra
1403580,Carnaval de Rio
7618148,Musique douce pour bébé
1231074,The Eagles Tribute Band
1352340,#1 Hits Now
11674609,Dj Chillout Sensation
5843177,Tele Music
12140362,Tubes des années 80
57597,Modern Jazz Quartet
12809919,Hard EDM Workout
1645218,Irish Pub Music
4345641,Instrumental Heat
119038922,PureFocused
987430,New York Jazz Moods
7380590,Chakras Yoga Spécialistes
4656298,Brazilian Jazz Cuts
57735412,Jazz Piano Playlist
13915273,2018 DJ Grime
105479,Various Artists - Rockabilly Hall of Fame
4624407,Musique Libre de Droit Club
4398960,Fitness Spinning Running Sport
1427938,Christmas Hits Collective
70274322,Instrumental Rap
902847,Music Mayhem
4578882,SOUNDTRACK/CAST ALBUM
1224363,Synthétiseurs (Les Plus Grands Hits)
254708,Modern Rock Heroes
1963231,Ibiza Chill Out
4547680,Sérénité Musique Spa
56560142,Chill Jazz-Lounge
7567412,80s Unforgettable Hits
13818401,Comptines et Berceuses
4547674,Berceuses 101
305228,The Large Professor
9129780,Mad Music
67304562,Nature Radiance
9245464,Chill Out Lounge Cafe Essentials
14387695,Top Chanson Française
148660,Marches Militaires
9031162,Instrumental King
11652007,Jazz Ingram
4990792,Chillout Café
13046125,Remix DJ
390077,VIOLONCELLE
9415088,L'orchestre des Musiques de Noël
9712642,Musique pour Travailler Maestro
10702743,Cool Time Ensemble Music
287241,The Abba Tribute Band
9119466,City Jazz Singers
1951871,Piano Love Songs
4121528,Anime de Japan
11834365,Piano Tiles2
2230421,Musique traditionnelle
13452605,PW Music
9067316,Lo Mejor del Rock de Los 70
7940774,Coffee Lounge Collection
6295188,Acoustic Classic Rock
798909,Easy Karaoke Players
5946026,Charts Hits 2014
122220,Rock Master 60
166225127,Comforting Hibernation
838845,CREAM PIE
167920287,Buddha-Bar (BR)
10810406,Shakira
110813442,League of Legends: Wild Rift
4995122,Ameritz Karaoke Français
138055662,Acoustic Sunsets
7233192,Meditation Classic
106503,PianoClassicsOnline.com
5230931,RnB Flavors
1376690,Idoles De La Musique
5623429,Remix Workout Factory
7799270,Promotion de France
9750132,Sommeil et Détente
11390582,Braeside Christmas Choral
7527216,Chillout Music Ensemble
116557332,Chant Noel
82867092,Peaceful Melody
4063325,Bonne Année
116557332,Chant Noel
5287809,Chansons Françaises De Légende
177423607,Jazz at Berlin Philharmonic
3867481,I'm a Barbie Girl
10481587,Romantique piano musique acadèmie
209589257,Conscience & Morality
69952,La nouvelle star
7306094,La Marseillaise
481163,Instrumentals
7810104,Songs To Your Eyes
9989296,Coffret Bien-être Relax
1212903,Sing Karaoke Sing
368667,Piano Tribute Maestro
129657682,Mix Electronic
1938581,White Noise for Baby Sleep
5202986,Ultimate Remix Factory
1517921,Mental Detox Series
7858588,Mar G Rock
51649372,Sleep Atmospheres
182310,Minimal Lounge
1195375,Rock Crusade
135586772,Trabic Music
190915,Christmas Carols
5338557,SBI Audio Karaoke
323381,TV Theme Players
3843311,Piano Music Aria
10483315,Électronique musique zone
67201382,Jazz Classique
6623388,Noel Saxophony
5236630,Ensemble Instrumental De France
1350998,Ibiza Fitness Music Workout
64644952,Rap Instrumental Beats
4542053,DJ Remix Workout
343813,Compilation Mes Comptines
330405,Ukulele tahitien
74559452,Musique D'Ambience
110069662,PianoMans
11682347,Collection de Nature Sons de Méditation
7771410,Paris Restaurant Piano Music Masters
162743,Chanteurs Pyrénéens de Tarbes
97032702,Bruit De La Nature
54314562,Buddha Bar Lounge
150157302,White Piano Monk
11483136,Soft Jazz Mood
67405702,Rap AR Anime
10734772,Jazz vacances musique
64726952,Classical Music Library
83016602,ATYPIK ROCK
11914375,SuperFitness
1514561,Chillout
79412352,Musique de jazz de Noël
7593180,Good Morning Jazz Academy
1210320,Années soixante dix orchestra
127122,The Rockabilly Masters
12454860,Lounge Jazz Affection
7575388,Celtica –Pipes Rock!
4890383,Piano Musicothérapie Collective
7608512,Meditation Rain Sounds
4624287,Lounge 50
191327,Musica Cubana
4545436,Erotic Lounge Buddha Chill Out Music Cafe
102225,Various Artists - LeAnn Rimes Tribute
1351018,Cafe Les Costes Club Dj Chillout
151177,Improvisators Dub Meets Iration Steppas
4890305,Sexy Music Buddha Love DJ
114227,Groupes de Mariachis Mexicains
5645074,2014 Master Hit Machine
53488532,Paris Jazz Night Club
73403522,Guru Woof Musique Douce
107566032,Musique Sophrologie
52770212,"Rap Beats 10, Hip hop beats & Instrumental Rap Hip Hop"
56556862,Fitness & Workout Hits 2019
5427519,TV Theme Tune Factory
7671898,Einstein Study Music Academy
57351892,Jazz Morning Playlist
90944142,Travail Bureau France
1152449,Hip Hop Instrumental
11673761,2017 Prof Beaks
188746837,Trap Music 100
1455785,La Nuit Noire Lounge Music Club
3694501,Italian Restaurant Music of Italy
14440945,Acoustic Cover Hits
80948852,80's Greatest Hits
14482531,Top Eurodance 90
7566710,Sexual Music Collection
258200,EA Games Soundtrack
388335,Acordeón Latino
124454162,RAP World
113360572,Piano Cover by Lily Morgan
1313985,Kyoto Piano Ensemble
148366,Country Rock Party
182570,Bossa Chill Out
5164635,Relaxing Cello Music
9066200,Ibiza Chillout Unlimited
347278,The Jazz Lounge Niki Band
9243808,Ibiza Chill Out Classics
93095492,Réserve de Sons Naturels
303933,Rock Heroes
1500405,Rock Kids
1184081,Best of Classical Music Collective
1331195,The Acoustic Jazz Quartet
12958813,Classic Music For Babys
55135252,Bossa Nova Jazz
4538268,80s Pop Stars
8905324,Workout Electronica
89700412,Afrik'an Legend
53604592,Random Piano
57218,Arthur Rimbaud
12454546,"Piano Relaxatino Music Masters, Relaxing Piano Music Consort, Piano Love Songs: Classic Easy Listening Piano Instrumental Music"
1299869,"Huey ""Piano"" Smith & His Clowns"
11787817,Romantique jazz d'ambiance club
9065428,Oasis de Méditation
7223986,Avalon Jazz Band
1382150,Karaoke All Hits
389593,Masters of Rock
7577814,Best of Musical
13556237,Piano North
166137267,Otaku Music
8652800,Christmas Favourites
7453654,Relaxing Piano Jazz Music Ensemble
8241720,Tropical Chill Music Land
12485160,Light Music Villa Nova
5629483,Christian Instrumental Group
9119462,Brooklyn Jazz Trio
1328246,Mix Tropical Hits
7593228,Jazz Lounge Zone
1351086,Yoga Workout Music
124979412,HYGH Lofi Music
12522934,Piano Focus
12644389,Gym time
156574,Music-Themes
79589902,Trap Beats & Beats De Rap & Instrumental Rap Hip Hop
1643170,The Great Collection Of Film Music
3843131,Massage Erotique Musique de Fond
10492021,Instrumental Jazz Música Ambiental
1346341,TV Theme Songs Unlimited
5768737,Celtic Pink Floyd
1614371,80's Disco Band
1937501,Study Music
9038144,The Original Broadway Cast Of School Of Rock
15082233,Música Instrumental de I'm In Records
11718101,Morning Jazz Background Club
53768212,Relaxation pour les Enfants
12849721,Musica Relajante Para Dormir
1184864,Relajacion Del Mar
12986853,Chuva Para Dormir
1700870,Flash Dance Tributer
7640178,Ambiance Lounge
4545251,Musique Romantique
6288668,Shake Music
8777014,Jazz Chillout
1927861,Instrumental Hip Hop Beats Crew
5643247,Smooth Jazz Sax Instrumentals
1879151,I'll Be Missing You
1398806,Piano Music at Twilight
7720638,Making Love Music Ensemble
7565278,90s Unforgettable Hits
1351030,Nature Sounds Radio
55089572,La Grande Table
7593186,Jazz Music Collection
148408552,Study Fruits Music
7977866,Karaoke Freaks
1253117,Yoga Tribe
1098928,Running Music
161575862,ParisPiano
1643705,Pop Tracks
7879650,Stockholm Jazz Quartet
14497505,Dance Hit Nation
78499372,Mapara A Jazz
116560052,Musique Ambiance Noel
9392354,Miami House Music
100150112,Musique du Matin
116560052,Musique Ambiance Noel
1102107,Rap Beats
1034883,Juicy Music
416426,60's
1345935,Musicothérapie
102314052,White Noise Bedtime Routine
123329,Future Hit Makers
478003,The White Noises
5984028,Musical Creations Karaoke
81253712,Epic Movie Music
11064764,Music of Nature
13289533,Chill Out 2018
67454182,Workout Rendez-Vous
10648763,GoodSleep Classic
5168380,Classic Piano
60990092,8d Effect
120729572,Infraction Music
1352558,Musique Hindoue
1050970,Country music
14619825,Meditation Focus
12044840,FanChants: Supporters Lens
365281,All-Star Sexy Players
2841031,90's Groove Masters
303694,Guitar Metal Heroes
360508,Ultimate Pop Hits
4874117,Easy Sleep Music
11977414,Dormir Mucho
4012721,80's Pop
3530291,A Tribute To Eros Ramazotti
75940592,Jazz Manouche Cafe Playlist
1545390,Billboard Top 100 Hits
3843051,Stretching Fitness Music Specialists
1347919,The Game Music Committee
68160,FM [New Popular Music]
11654073,2017 Dynamo Hitz
4545398,Buddha Zen Spa
171653397,Speed Up Songs
378015,Stingray Music Karaoke
391943,Mello Music Group
9712796,Fitness Nation
157722,Various Artist
1234418,Peaceful Music
13987159,Pasha Music
4545406,Lounge Safari Buddha Chillout Do Mar Café
73525,Lincoln Center Jazz Orchestra
7923370,Easy Listening Chilled Jazz
9770352,Tabata Workout Song
135558132,Party Electro Music
10680439,Pop Music Workshop
143214452,Buddha Bar Chillout
9162868,Lounge Ibiza
120904462,Sleep Camp
10298724,Fitness Motivation zum laufen Musik Mix
5497044,Latin Jazz Relaxing Music Quartet
7422554,Chansons d'amour au piano
69152,Atlantic Five Jazz Band
141448822,Gym Motivation Work Out
3841651,Musique Classique École Détente
303264,Flamenco Guitar Masters
1445215,Instrumental Pop Songs
75188532,Osmose Soothing Music
140320802,slowed down music
1065114,Fast & Furious
83141,Acoustik Zouk
9932434,Louis Music
1037352,Tribute Band
1504211,François Cluzet
92772,Jazzistic
9562258,Bossa Nova Lounge Orchestra
11710169,Club de Sommeil Paisible
7673272,Super Mega Top Hits
3842251,Musique Douce Ensemble Master
6813613,The Hollywood Soundtrack Band
519482,Manhattan Jazz Quartett
73161702,Sunday Morning Jazz
1183590,Relaxation Study Music
12446958,Revolt Production Music
1184244,Study Music Academy
9510394,Kundalini: Yoga
1351102,Pilates Workout
105252942,RAVENS ROCK
54963082,Buddha Chillout
558055,Tendrement Slow
3840681,Massage Erotique Jeux d'Amour
4533947,Fitness & Workout DJ's
303671,Mo' Hits All Stars
69362832,Jazz instrumentale académie
64187942,Lounge Jazz Playlist
109031,Storyville Jazz Band
1156710,Gypsy Jazz Caravan
14495167,Piano Hits Lounge
1580057,Top Christmas Songs
11334124,Chillout Lounge Relaxation
155945,The Chillout Players
159260,Classic Rock
131973002,Sleepy Dude
11923629,Maman Dodo
11920189,Loungetronic
160799282,TOKYOSLEEP
99757122,Sons De Pluie
1624357,Todays Hits
7500244,Hits Etc.
1461004,Relaxing Instrumental Jazz Academy
1428239,iCarly & Victorious Casts
12204686,Bossa Nova Lounge Club
133556782,Unknown Official Artist
383883,Ultimate Pop Hits!
7589704,The Gym Allstars
6703433,Meditation Zen Master
1773761,Apres Ski 2017
7184354,Agrupacion LatinHits
11788731,Dahlia Sleeps
12205790,90s Forever
8505770,AA Records
4574,Solu Music
11470548,Christmas Candles
110701702,Loustock Festival De La Chanson Pour Enfants
14978313,Piano Covers Club from I'm In Records
1461020,Buddha Cafè Lounge Bar Music Club
2609851,So Empty Without Me
8453060,Relaxation Jazz Music Ensemble
1698087,Ameritz Karaoke Entertainment
60854602,Beats Instrumental Lofi
7957236,90's Pop Band
64792452,Hello Adele Tribute
7562656,Chillout Music Zone
1528045,Amazing Karaoke
4839102,90s PlayaZ
58292912,OGR Music
1405563,Meditation Awareness
97741,Music And Wellness (Musique Et Bien Etre)
1363260,B.G. The Prince Of Rap
4958233,American Karaoke Tunes
606014,Lucky Voice Karaoke
303031,Songs For Children
7869658,Jazz Guitar Club
70214302,Jazz Para Dormir
78920142,Workout Music Gym
5310660,Wenge Musica BCBG
6652400,Chanson d'occasion
146846,Charttraxx Karaoke
16245,Acoustic System
63571642,Sleepy Dogs
147763,Rock Feast
1275406,Musique Indienne
54185042,Músicas de Natal e canções de Natal
5175142,B. G. the Prince of Rap
14388393,Bossa Nova Cover Hits
4845296,80's Pop Super Hits
4711069,Best Saxophone Tribute Orchestra
3842291,Footing Jogging Workout
6605070,Santa Maradona F.C
13259115,Kno Piano Music
8520466,Workout Trance
1405662,Lounge Bar
9015326,Music Beyond
171372457,MARKA MUSIC
63908002,LEA NOËL
8561632,Musique de Ballet Académie
112179862,Christmas Jazz Holiday Music
418557,Monsters of Rock
7811884,Sleeping Music Zone
15205361,Anime your Music
156554842,Beautiful Organization
4696882,80s Chartstarz
1948711,Restaurant Music
5980380,Team Music
5993382,Sad Music
4451761,Dance Charts Summer 2011 – incl. Danza Kuduro Party Rock Anthem California King Bed On the Floor and many more
4547698,Bossa Nova Guitar Smooth Jazz Piano Club
93592812,RW Les meilleures berceuses de piano
12929105,Narziss und Goldmund Piano Trio
1184964,Oasis de Détente et Relaxatio
162936137,Le Bruit de la Pluie
101635,Various Artists - Metallica Tribute
7562534,Beach House Chillout Music Academy
7484968,Baby Sleep Lullaby Academy
110813982,Jazz Bar New York
3840891,Musique de Gym Specialists
1398794,Italian Christmas Music Academy
1241353,Pink Floyd Tribute Band
6314220,Local Traditional Artists
5463967,Piano Playlist Masters
15289863,Ah Les Crocodiles
7891054,90s Party People
142835,Moon de Lounge
1183880,Spiritual Fitness Music
12447038,Colossal Trailer Music
98391662,Chill Music House
14352297,HIIT MUSIC
3528,Musique
77754,Original Cast
1203017,Remix Masters
82280,Traditionnel
1184967,Sounds of Nature White Noise for Mindfulness Meditation and Relaxation
94960,Simply The Best Sax: The Hits Of Phil Collins
7416606,Sounds of Nature Relaxation
3850751,So Call Me Maybe
1874821,Acoustic Guitar Tribute Players
7560812,Drink Bar Chillout Music
5252966,Ameritz Spanish Instrumentals
4133650,The Xmas Specials
57120682,F.B. Piano Anime
15239041,Sleep City Sleep
1645219,Irish Pub Songs
3841991,Musique Jazz Ensemble
5164612,Soft Jazz Music
1183660,Concentration Music Ensemble
7648378,Study Music Club
10193422,Chillout Musik Welt
11951963,Eurodance Addiction
7871684,Afternoon Acoustic
9074322,60s Hits
4212812,90s Pop
7854272,P Jazz
12152144,ReggaeDiscography
1265896,Clair De Lune
431367,Hit Masters
91012592,The Best Of Louis Armstrong
798659,Backtrack Professional Karaoke Band
4241684,Take My Breath Away
13209375,Musique pour dormir piano
12256078,Laissons la musique jouer
1490831,The Christmas Philharmonic Orchestra
13672941,Brazilian Lounge Collection
7891402,Instrumental Piano Universe
69906342,Zen méditation tibétaine
1518096,High Frequency Karaoke
260115,Détente & Relaxation
8954874,Fitness Workout Hits
62977062,Team Karaoke Belgium
59867612,Chill Hip-Hop Beats
8575396,Sound sleep classic
7515794,2015 Iron Hitz
9180940,Musique Electronique DJ
9259418,CF Music
5917785,Buddha Spirit Ibiza Chillout Lounge Bar Music DJ
12529774,Instrumental Chillout Lounge Music Club
7484960,Explosion of Jazz Ensemble
12750441,Journée de Smooth Jazz
5412887,Country Playlist Masters
5363249,Karaoke Backtrax Library
57550182,Playlist Jazz Club
9853748,Chill Out Boudoir
4890341,Musique Relaxante Univers
9922380,Jingle Bells Christmas
8415006,Speedy Songs
76533552,Krizzy Jazz
152230122,Loow ASMR
7202840,Arko Music
11404636,Trx Music
149498712,Visit Qatar
4868380,Sophrologie
133185,Artists Stand Up To Cancer
64509662,The Best of TV Series
8390940,Romantic Evening Jazz Club
6891389,Celtica – Pipes Rock!
13497717,Jazz Cafe New York
11865301,Quotidien Yoga Musique Paradis
7621040,Cooking Jazz Music Academy
53075872,Oh Letz Go Music
119013752,Arkadia Jazz All-Stars
57812282,Chill Jazz Playlist
149750192,Rain Fruits Sounds
61418112,Lounge Ibiza Cafè
827305,Rock 'n' Roll
2112871,Rock And Roll
4070421,Global Mogul Music
982036,Acapella Vocalists
1213633,Cardio Workout
59356762,Tranquil Piano
14817519,Pop-rock Hits
9878700,Gabrielle Musicaro
1337241,Mic Musicbox
75339862,Jojo's ASMR
12418258,"Chakra Meditation Specialists, Calming Baby Sleep Music Club, Exam Study Classical Music Orchestra"
3955661,Guitares et Mandolines Corses
11609253,Jazz Dialogue & Philanthrope
6679827,Classical New Age Piano
9547922,Workout RX Runners Club
103916402,Alexa ASMR 8D Audio
10903958,EDM Workout DJ Team
304750,The Merry Christmas Players
8298748,Sexy Chillout Music Specialists
14519867,Acoustic Guitar Collective
131245,Alternative Jazz Lounge
145574822,Berceuses Pour Bébés
259886,Collection Bien être
5293582,Physical Sound Sport
59986462,Cool Jazz Playlist
1410648,Pro Choice Karaoke
301643,The Workout Heroes
59651232,Jazz Relax Lounge
6533871,90's Hit Makers
1472698,Hi NRG Fitness
1597187,Relaxing Instrumental Music
1183464,Relaxed Piano Music
330300,South Pacific Music
500074,The Tribute Co.
10377758,Chill Out 2016
1938421,Classical Lullabies
1461021,Guitare Flamenco
1102119,Rap Instrumental
7810350,Peaceful Piano
1709699,Karaoke Star
808347,Smooth Jazz
172265,Piano Man
4056664,Rock Hits
129110942,Mask Music
9168096,Afterhour Chillout
14536759,Chillout Mood
7414926,PianoPassion
12562316,AC/DC
145073552,TikTok One
4548768,Chill Lounge Music Bar La Luna a Ibiza
1351032,Sonidos de la Naturaleza Relajacion
135207,Piano Connection & Marcs Boogie
4624346,Ballet Dance Jazz J. Company
175168957,8D sped up viral audios
254846,The New Year Hit Makers
7566638,Piano Jazz Background Music Masters
1950661,Bang - African Djembe Music
4605448,Paris Saint Germain FanChants
11717345,Musique pour L'équilibre Académie
111605132,Musique pour Travailler Playlist
3841041,Slow Life Music Specialist
5532758,Kids Party Music Players
147330,The Christmas Party Singers
1588746,Instrumental All Stars
11249968,Deep Piano Relax
5013833,Deep House Club
3840581,Musique Techno Ensemble
115410,Ibiza Music United
5305180,Tribute to Eminem
54996942,Chillout Lounge Attitude
64879252,HeatheredEffect ASMR
1431404,Poptastic Karaoke
5387169,Cooltone Karaoke
276442,Musette Mélodies
9657678,Relajación Piano
4545430,Yoga Waheguru
6366644,Simply Piano
61349792,8d Music
321522,Bebo Best & The Super Lounge Orchestra
72470222,Musique pour la lecture de livres
1725651,If I Was Your Boyfriend
145697032,on the way to catharsis
7471292,Jazz Piano Bar Academy
7685848,DJ 90's Party Mix
3842881,Musique d Ambiance Series
1718391,Chillaxing Jazz Kollektion
12390634,African Salsa Orchestra
4637727,Ameritz Spanish Karaoke
7327836,Fitness Beats Playlist
7671024,Piano Lounge Club
9348156,Deep Chill House
9159936,The Jazz Lounge
5164656,70s Rock Hits
59489922,Pista de Rap
101418,Génération Twist
53101962,Antares Lounge
1170422,Acoustic Soul
116558552,Chansons Noel
5808693,Deep Lounge
4762939,Breakdance Music
5811756,Madame Musique
168968147,Painting Music
92152242,Jause Music
116558552,Chansons Noel
4397428,FitnessGlo
135839312,TikTok Viral
4184688,R&B Hits
97634,Russian Orthodoxe Songs And Choirs (Chants Et Choeurs Russes Orthodoxes)
147930,Simply The Best Sax: The Hits Of Elton John
1048554,Natural White Noise for Babies
259910,Le Top Des Chansons Cochonnes
7957240,Música Dance de los 90
7484954,French Piano Jazz Music Oasis
902300,#1 Garth Brooks Tribute Band
158250162,90's 80's Rock Hits
1617106,Bandits (Motion Picture Soundtrack)
5910101,The Karaoke Rockstars
356332,Brazilian Bossa Nova
1234416,60s Greatest Hits
11717493,Dance Hits 2017
4410488,Hit Co. Masters
5166409,70s Love Songs
128373432,International Free Music
148940362,Alien Cake Music
5177793,Pearls Of Music
1682363,Instrumental Champions
15106519,Peacefull Piano
14871511,Karaoke Latino
7515802,2015 Matrix
5605737,Rock Giants
49918932,Russian Rap
1275399,Musique Asiatique
8172536,Anonymous Music
1701108,Dubstep Masters
116813,Génération Chti
77442082,sleep.ing
380736,Acordeón
523173,Classique
51040102,Gimme Movie Soundtracks - The Great Collection Of Film Music
103079,Les Groupes Folkloriques De Musique Des Andes
7548378,Au Claire De La Lune
116858,Various Artists - Oasis Tribute
163831,Ensemble Instrumental de Paris
1658261,Luxury Lounge Cafe Allstars
9692050,The Detroit Rock Hitters
59836012,Jazz Relax Coffee House
106903952,Sons De La Nuit
7887146,Jazz Music Lovers Club
1500693,Instrumental Love Songs
11675545,Parfait yoga sanctuaire
3923191,Twilight Piano Series
8775390,Magical Piano Player
381220,Bonne Fête Maman
5254307,Coffee Shop Jazz
884119,Rebel Ted Rock
5524964,The Rock Army
1452965,100 % Compil
1188796,Musique d'Ambiance Ensemble
94541432,Color Music Choir
67182032,Christmas Rap Beats
5791670,The Beatles Tribute
1351096,Asian Zen Meditation
50576862,Piano Concentration
113796322,CROSSFIT WORKOUT
13147861,Fitness Junkies
71682402,ASMR Janina
1656219,Piano Piano
59294852,Quiet Piano
2882281,60's Party
51829352,Le Sommeil
310640,Music Explosion
115522712,Celestin Music
5488108,Forever Music
14570227,WhyNot Music
53573042,Rahen Music
8989076,Chillout Jazz
326440,Workout Soundtracks
6233196,Karaokemedia
58608622,Zen Mood
7171740,"Christmas Amen! Carol of the Bells, O Holy Night, The Little Drummer Boy, Silent Night & More"
9249746,Les plus belles playlists de Noël
9283402,Chakra guérison académie de musique
114452,Various Artists - Eminem Tribute
11862543,Exercices de Respiration Zone
6680611,In Search of Solace
64178802,THREE LIKE TO PARTY
4844456,The Minds Of 99
7624382,Music for Fitness Exercises
826469,Ultimate Workout Hits 
138787,Velvet Lounge Project
275343,2000s Karaoke Band
7660956,Charts Hits 2015
185533067,Peak Trends 2022
6469641,2014 Power Hits
89885752,Dolce Romy ASMR
76567402,80s Super Hits
4153428,80's Pop Band
1947471,Asian Traditional Music
5333067,Bach Chamber Music
1401750,Best Christmas Songs
69693542,Chillout Beach Beats
12978077,L’Araignée Gypsie
13575039,WhispersRed ASMR
517869,Romantic Piano
96539802,Roforofo Jazz
82035842,Fully Focus
1296769,A* Karaoke
59325712,Rap Team
1345899,Ambient Music
5569359,Motion Music
2058211,APM Music
11022592,Nature Chillout
4564832,Mel Gibson
9465170,Big Hits
1132599,Chinese and Japanese Koto Harp and Shakuhachi Flute Music
85442432,Créateur de la musique relaxante Jazz 2019
4548778,Sexy Music Ibiza Playa Del Mar DJ
5715386,Yesterday - A Tribute To The Beatles
7251056,Christmas Hits & Christmas Songs
105885962,Playliste Travail à Domicile
1376703,Rhythm On The Radio
97595672,ASMR Art of Sound
12196796,Hits of the 80's
166584357,Jazz Douce Musique Dambiance
1461040,Chill House Music Café
7444782,The Carpenters Tribute Band
58595652,Background Instrumental Jazz
11923781,Coffret Bien-être Enyalie
10193338,Acoustic Moods Ensemble
9221882,Cardio Hits! Workout
13499865,Deep Sleep Walkers
132794172,Party Killer Tunes
61077512,Piano Dust Covers
6534015,Roq Star Karaoke
666066,80's D.J. Dance
6369386,Blue Claw Jazz
1950711,Relaxing Jazz Music
156230792,Musique de Concentration
137936212,Solfeggio Healing Music
1351008,Classical Music Radio
9169594,Musique Electro DJ
11563307,Collection J'écoute
85993922,Chynaunique ASMR
73892,Music Junkies
5542064,Danosongs
1419984,Kidsongs
5234372,Le Mag NRJ12
1651260,Hits Remixed
7658932,Swift Hits
13697925,"Beach Party Chillout Music Ensemble, Beautiful Sunset Beach Chillout Music Collection, Chillout Lounge Bar Music Buddha"
4950719,"The Jazz Lounge, Easy Listening, Sexy Saxophone Band"
4701459,Les Anges de la telerealite 5
7560818,Beautiful Sunset Beach Chillout Music Collection
1517832,Buddha Zen Chillout Bar Music Café
7692912,Sad Instrumental Piano Music Zone
11712157,Zone de la Musique Sérénité
2552491,Jazz Against The Machine
12829689,Chill Out Piano Music
7648678,Stretching Chillout Music Academy
147061822,Cafe del Mar Chillout
3793461,Ameritz Karaoke Latino
143273772,Boxing Rap Workout
109157282,Chill Lounge Relax
4545414,Slow Songs Relax
7515800,2015 Pop Prince
63191272,The Gym Masters
4547599,Acid Jazz DJ
378016,Stingray Music (Karaoke)
7593184,Positive Music Universe
262255,Michael Jackson Tribute
5286455,Tribute Gold Beatles
7975876,Chill Out Zone
14294473,Bien-être concentration
1290704,Capoeira Experience
3661651,Weihnachts Songs
131071,Soleil Loungers
136543912,ASMR Sinabro
180515,Jazz City
119251432,AFOLABI MUSIC
70310312,Altitude Music
7195944,Retrogame Tributes
90351,Loungertrip
14616377,sleepee.
13888577,Yogara
9440936,Best Of 2015
4496682,"Sex Music for Intimate Erotic Moments, Hot and Smooth Sexual Healing Love Making"
10202712,"Wedding Music Experts, Instrumental Love Songs & Cover Classics"
3608631,Picture (Kid Rock & Cheryl Crow Tribute)
1230689,R & B Urban All Stars
79844762,Erotic Zone of Sexual Chillout Music
1461007,Sexy Summer Café Ibiza 2011
4208575,Bossa Nova All-Star Ensemb...
11385502,Calming Jazz Relax Academy
49922212,Coffee Shop Jazz Relax
9155728,Musique de Méditation Ambiante
12492864,Musique de smooth jazz
11547731,Christmas Eve Classical Orchestra
11515433,Smooth Jazz D'hiver
298979,1970s Karaoke Band
121444022,Afro Sound Machine
2166351,Miami Fitness Crew
5495087,Bikini Workout Dj
14495213,Cartola de Noel
67684072,432 Hz Healing
57695762,The Jazz Woman
4060129,Baby's Nursery Music
14495213,Cartola de Noel
4756966,2013 Chillout island
107291742,Les Annees Kompa
4925815,CardioMixes Fitness
394188,Agrupacion Marilyn
12685657,Sleep Master
12711911,Piano Gars
7636590,80s Child
1643707,Monster Music
14229947,Benz Music
122278992,Sensitive ASMR
2808431,Big Hits 2012
93594902,Deezer Band
60854622,Coffe Lofi
13348687,Fortnite
3956371,Futurama
12223194,"Jazz Piano Bar Academy, La Musique de Jazz de Détente"
14366399,Musique Relaxante Relax & Musique pour Travailler Maestro
4084523,Next Friday The Original Motion Picture Soundtrack
13479439,Música para Relaxar e Dormir Profundamente
177448647,Dr Rock & The Famous Merengo
12294858,La musique est mieux avec toi
7988168,The Eagle Rock Gospel Singers
325279,The Love Songs Band
11328812,Joyeux Noël Musique Collection
52977372,Running Power Training Music
7168276,The Chillout Music Masters
4174914,Instrumental Guitar Masters
1349396,Manhattan Lounge Band
5532394,American Rock Heroes
389564,the Northern Lights
2326821,The Karaoke Studio
14550563,Love2move Music Workout
7477258,Running Workout Music
5164027,Cello Music Songs
1182073,Pure Massage Music
149610912,Stars Music Chile
7705188,Bar Music Masters
5165084,Best Movie Music
1398828,House Music Dj
11546773,Christmas Country Angels
1213005,Acoustic All-Stars
1296136,Chill Loungers
59981972,Saxophone Jazz
153799112,Lofi Parad1se
180347297,Dormir Dan
1043375,Indie Rock
1165491,Fitness Music
72481532,Restaurant Chillout
1281304,Magnatune Compilation
9997970,Artificial.music
8150860,Relax classic
123843,Supremes
12750203,"Acoustic Hits, Jazz douce musique d'ambiance"
97808,Various Artists Interpreted by A.M.P.
1185501,Baby Sleep Through the Night
98766172,Yoga Music Mantras and Chants
7961662,Einstein Baby Lullaby Academy
1395967,Heavy Metal Guitar Heroes
302974,The Piano Classic Players
137888072,Big in Jazz Collective
4479680,Old Skool Rock Masters
78012092,Univers Jazz Big Band
12481708,2017 Top Hit Karaoke
362801,Icons Of Latin Pop
363298,Masters Of Hip Hop
12595515,Le Monde du Yoga
111646052,Musique du Matin Playlist
14159205,Musique pour Prime Enfants
4325180,Liverpool FC FanChants
89778182,Morning Chill Playlist
4762681,Boilermaker Jazz Band
11792803,Independent Rock Hits
148901602,Happy Birthday Songs
78798962,Classic Piano Best
297039,Light Jazz Academy
4511276,100% Backing Trax
144414902,Buddha Bar Luxury
144416372,Buddha Luxury Bar
321412,Hip Hop All-Stars
369898,Rock Island Line
1253721,Jazz Club Trio
11673763,2017 Canz Duo
126968972,Ouest Country Musique
5913855,Studying Music Group
84865992,Best Guitar Music
303813,Chick Flick Soundtracks
102983,Guitare athmosphere
14159267,Dormir Facilement
4621646,Relaxation Piano
11288108,Yoga Stretching
7960144,90er Tanzparty
95623832,Lockdown Beats
9813482,2016 Matrix
137788402,LoFi Brazil
4613789,Piano Chill
1067950,Cruz Rock
3822511,Yoga Zone
11050270,Graffiti Music
1009386,Christmas Jazz
183303287,Bossanova Tribute
5548332,Catherine Frot
4483427,Now Hits Dj
13987401,Instrumental Worship Project from I’m In Records
1350959,Sounds of Nature White Noise Sound Effects
3694401,The Irish Christmas & Celtic Christmas Nollag
4959463,The Rocky Horror Show Original Cast
85930,Les plus belles chansons de Noël
3182711,Can You Blow My Whistle Baby
1088857,Songs To Wear Pants To
14385661,80s & 90s Hit Factory
9953118,Flashdance the Musical Studio Cast
50866592,Musique Classique Bébé Flexi Ted
87671182,Classical Music for Brain Power
2848121,Swedish House Mafia Tribute Team
8088813,Nature & Sounds Backgrounds
3035421,Romantic Piano for Reading
4025801,Club Bossa Lounge Players
93227162,ITALIAN ALLSTARS 4 LIFE
69905082,Les lacs du Connemara
7837150,TV Theme Song Maniacs
7453670,Lounge Café de Luxe
1331461,Sounds Of The Earth
3836761,Top 40 Hip-Hop Hits
8390938,Romantic Restaurant Music Crew
4293570,Christmas Jazz Music Club
12516572,Jazz sentimental club
12220092,Lisse jazz d'ambiance
10687113,Piano Cover Versions
1382536,The Karaoke Machine
6790881,Relaxing Piano Man
13898691,2018 Dynamo Hitz
2051381,CDM Rock Project
184348,Islands Of Chill
4680694,Taste of Lounge
6908455,2014 Pure Soul
4557122,All Hits Gold
105220,Healing Therapy Music
11865357,Énergie et Musique
5166437,Christmas Party Mix
1603192,AC-DC Tribute Band
7891470,Cool Chillout Zone
1210319,Années soixante Orchestra
5113356,Saxophone Allstars
62214492,Sommeil Reparateur
7795036,Acoustic Sessions
7603592,Workout Machine
5855983,Bombay Lounge
1666372,Irish Songs
6678179,Rock Rebels
4487126,Paris Jazz
166789627,Jazz Joy
12991757,JAZZ MMC
4510006,Linas Music
62821462,WhaleDontSleep
1041628,re:lounge
2156501,La Bible
135913222,Mol ASMR
5984388,SR Hits
5118994,Vidura Barrios & Music for Deep Meditation
1377328,Save up for a rainy day
1416669,The Time Of My Life
12750491,Musique Relaxante et Détente Maestro
14120185,Prime Musique Pour le Sommeil
122473,Various Artists - U2 Tribute
116645,Meditation & Stress Relief Therapy
5076442,Cocktail Party Instrumentals Band
7303756,Ensemble Instrumental La Follia
308428,The Sunset Lounge Orchestra
4034929,Mozart For Babies Ensemble
74748862,Piano berceuses pour bébés
97703,The Buddha Lounge Ensemble
4890293,Pink Buddha Lounge Café
80517202,French Jazz Lounge Bar
158249662,90's 80's Pop Hits
9078712,Best of the 70s
7680512,Instrumental Piano Music Zone
7648298,Smooth Jazz Music Club
11566079,Atom Pink Floyd Tribute
12269486,NY Latino Chillout Café
1351146,Spa Music Relaxation Meditation
5606192,The Hollywood LA Soundtrack
1610435,Ameritz Karaoke Standards
492302,Classical Guitar Masters
1530012,Amazing Karaoke Premium
5353671,Mr. Entertainer Karaoke
4075756,Ameritz Karaoke Planet
93979,Classic Rock Masters
8619164,Jazz Relax Academy
13729229,Power Hits Karaoke
303634,Best Guitar Songs
79986962,Mad ASMR Triggers
806995,Chorale de Noël
10947682,Studying Piano Music
111652932,The Christmas Guys
5867542,White Noise Meditation
128462402,Sonido Instrumental
128441982,HOSHI (SEVENTEEN)
4344175,Global Karaoke
14438273,Lounge FM
1042212,Secret Music
1354988,Juice Music
4262480,Music Candy
381212,BMP-Music
178194,Noël Ensemble
1372189,Barbie Girl
9197228,Lo Mejor del Rock de los 80
7449692,Ultimate Fitness Playlist Power Workout Trax
14611855,L E G E N D
14117087,Les Animaux & Musique Relaxante Univers
7667814,¡Oye Frank! Sonata Latina Tribute Orchestra
7863006,Temas de Series de Televisión
160759,Les Petits Chanteurs du Rock
108729542,Jazz Cafe Lounge Background Music
4545446,Musica Sensual Jazz Latino Club
122338,Various Artists - Enya Tribute
7724200,Beach Party Chillout Music Ensemble
7835434,Sleeping Mozart Relaxing Baby
72126022,Bruit blanc bébé sommeil
1273905,La Chanson De Fribourg
4621614,Musica para Estudiar Specialistas
3694451,Aloha Oe Hawaiian Music
7191536,Traditional Christmas Carols Ensemble
69895002,1 Total Tributes Deluxe
9667538,Remix Fitness Factory
6066840,CDM Lounge Project
72481762,Hotel Lobby Lounge
1199515,Work This! Workout
874606,Songs For Kids
5164630,Acoustic Guitar Music
57352052,Musica Jazz Relajante
147604862,Lounge Fruits Music
13185735,World Pregnant Music
1883721,Hit Music Radio
5115073,Tribute to Stromae
13788017,Egyptian Meditation Temple
4624366,Meditation Relaxation Club
9444698,Ambiance Jazz
303644,Let's Lounge
74952522,Sleepy Minds
13245079,Buddha Yoga
9202414,Yoga Sounds
83471892,Alana ASMR
5036248,Piano Crew
5307499,Piano Noel
10781528,Volta Jazz
8449356,Jazz Deep
80730942,LoFi Jazz
13001125,Musica Navideña
7618320,Music P
5334058,Christmas Instrumentals
5307499,Piano Noel
9186834,Unplugged Hits
14978413,Sleepmee
68297552,KennyK ASMR
10950390,Sex Sounds
4570467,BFM Hits
14755347,Jardin japonais & Musique Japonaise Ensemble
102389,Various Artists - Joe Cocker Tribute
13690691,Klassisk Musikk For Baby Snoozy
111732772,Dinner Jazz Lounge Background Music
51343622,Ten Times A Million
299879,70s Music All Stars
9890078,Musique de Detente Maestro
7518466,Chill Sport Music Academy
4064246,The Galway Christmas Singers
1392024,The Prince Tribute Band
1938891,Meditation With Gregorian Chants
5580439,Traditional Italian Songs
6071450,Classical Pops Orchestra
76132202,Acoustic Guitar Revival
128479672,Jazz Classique Rythmes
9829420,Master Series Fitness
2974391,Pop Lounge Ensemble
104414822,Karma Sounds Piano
82823082,Rock Emo Nightcore
78764,Dead rock machine
58773,Monsieur & Madame
4570222,Rocky's All Stars
10456563,90er Musik Box
5867068,The Piano Bar
5854407,Music for Children
68093472,Lofi Munk Music
1351112,Flamenco World Music
5812507,Natural High Music
4476345,World Music Scene
4644810,King Kong Music
4255778,Movie Soundtrack Players
1644395,Soundtrack Hit Lab
565949,Accoustic Fever
8773950,Affective Sound
10147236,Karaoke Carpool
12484468,Lenny Kravitz
4063411,Metro karaoke
9971938,Ocean Sleeper
68610642,Yoga Radiance
333765,101 Strings
3841091,Dormir Bien
5560066,Karaoke NYC
296690,Baby Sleep
82633352,Lofi Sleep
1345931,Musique Ayurvédique
117413972,Rockit Music
8942726,Visage Music
117795,House Music
5649626,Piano Chillout
4412511,Top 40 DJ's
1931261,Gnossienne
957162,Classics
13514363,"Buddha Spirit Ibiza Chillout Lounge Bar Music Dj, All Night Sleeping Songs to Help You Relax, Chill out Suave"
9798596,Relax & Deep Sleep Music Delta Binaural 432 Hz & Piano 101
4548857,Hawaiian Spa Music Relaxation Meditation Ukulele Club
14069587,Movie Magic And His Solid Gold Soundtracks
64729722,Classic Country Rock Road Trip
89402442,Reading Jazz Lounge Background Music
9334694,Détente & Méditation Académie
7917644,Relaxing Jazz Guitar Academy
10560643,The Summit Jazz Orchestra
1666815,Sunlounger & Zara Taylor
362795,The 70's Band Collection
111733052,Winter Jazz Cafe Lounge
12753487,Forme et exercice yoga
11033330,Paris Lounge Jazz Cafe
651081,Jazz Band Piano Blues
10322200,Lo Mejor del Indie
6304666,2014 Top 40 Hits
13469401,Chritmas Jazz Music Collection
1350960,Modern Piano Music Academy
7560802,Jazz Night Music Paradise
3877061,Striptease Music Dance Stars
9320124,Irish Christmas Folk Music
7720700,Gym Chillout Music Zone
93863192,Pour Dormir Profondément
110524222,Selectracks Song Catalog
381429,Karaoke Bar Orchestra
54996852,Piano Relaxation Mood
385147,Saxophone Hit Players
5378335,Workout Dance Factory
1242582,Smooth Piano Masters
1328539,Vienna Piano Trio
168834547,Hits Capital 200
53745292,Cover Me Piano
33257831,90's Pop Tour
155633,Best Of Jazz
5569500,Top 10 Piano
14009761,Radiohead Tribute Band
14024159,Chill Out 2020
67060292,Coccinelle Demoiselle
12466798,Professional Karaoke
61502132,Joachim Son-Forget
4020892,AC/DC Recovered
4624466,Piano Académie
10973390,Africa Jungle
50844792,Aquatic Focus
12140364,80s Forever
12612225,Piano Hits
15312973,Sad Piano
4212810,90s Rock
13131843,Rap Box
1351105,Ballet Music
5166412,Soul Music
118555362,Zeno Music
55253622,Zeuz Music
1474806,Compilation Electro-House
864014,Afternoon
5397822,432Hz
55852572,"Musica Para Hacer Ejercicio, Fitness y Gimnasio"
7593566,"WWE, Jimmy Hart & Jj Maguire"
7579678,Soothing Chill Out for Insomnia
13124211,Joyeux Noel et Bonne Annee
1515490,Lanzer / The Rock Circus
10456561,80er & 90er Musik Box
7484980,Piano Jazz Calming Music Academy
94089542,RW Musique pour chien bien-aimé
7458000,Musique du monde et relaxation
1518109,Italian Chill Lounge Music Dj
1376680,Music Sounds Better With You
13124211,Joyeux Noel et Bonne Annee
1351057,Relajacion y Guitarra Acustica
115710842,League of Legends Brasil
5810585,The Piano Lounge Fantasy
9212816,Chill Out Sex Band
12732369,bruit de la pluie
8003538,Background Instrumental Music Collective
11929617,Jazz Instrumental Music Academy
7471322,Romantic Piano Music Masters
12958671,Space Music For Sleep
8479906,Garden of Zen Music
4509672,Best Of Chillout Lounge
14493571,Top hits années 60
67186172,Relaxed Jazz Instrumentals
13846659,Lecture Efficace Club
51467802,Chill Lounge Guitare
98557,Relaxation - Ambient
304871,Classic Rock Heroes
11673767,2017 R Bitz
7168266,Background Music Masters
93091832,Musique de Méditation
4462251,Baby Lullabies Music
304207,Bon Appétit Musique
99644582,Dîner Musique Chill
13994149,La Festa Musicale
1312742,Music Box Angels
159632632,Meditations on Crime
1398850,Party Mix Club
4585508,Instrumental Icons
60854642,LoFi Instrumental
4870569,Karaoke Universe
1351124,Spinning Workout
61628162,Study Relaxation
318278,Karaoke Band
98533932,Lo-Fi Eamonn
14149345,Piano Muziek
146694132,Spell Songs
7673126,Musique Country
63080652,Crossfit Music
4332680,No-Lounge
57728762,DooPiano
80787332,PierreG ASMR
12079950,"Irish & Celtic Folk Wanderers, Instrumental Irish Music & Celtic Harp Soundscapes"
14178067,Musique de Relaxation & Musique Romantique Ensemble
1224900,50 Essential Hits From The 50's
9592478,165 Oeuvres Incontournables De Musique Classique
12943745,Musique de Relaxation & Meditation Spa
11864855,Académie des Techniques de Relaxation
2995291,It Started With a Whisper
91010692,Zone de musique instrumentale sexuelle
115768912,Projet de musique de fond
1186122,Nature Sounds for Concentration
9085466,The Best of Jazz
60854652,Instrumental Beats Lofi
75964492,Manouche Jazz Playlist
11447872,Jazz Mariage Académie
3842311,Easy Listening Piano
68495932,Cardio Beat Fitness
9675254,Piano para Dormir
11390846,Cafe lounge Jazz
376106,Hot Fox Karaoke
11427082,New Year's Hits
105804,Queen - Karaoke
4231276,At The Piano
8182350,Peaceful Nature Music
7417652,Musique pour piano
14336249,Relaxing Restaurant Music
182090637,PILATES MUSIC EXPERIENCE
9955592,Fractured Light Music
4913611,Musica para Estudiar
5896912,Running Music DJ
1666359,Fun Irish Music
5440818,Post Death Soundtrack
8412780,Sounds of Rain
13426051,Maximum Concentration
53488482,Fauteuil Relaxation
4310144,African Vibration
49745562,Buddha's Lounge
4586988,Martini Lounge
101686,Buddha Lounge
50358372,Dormir Bureau
566074,Lounge Pilots
102560,AVID Karaoke
61751602,Lofi Masters
55053172,Study Jazz
63564902,Lofi Cat
1643383,#1 Hits
5449262,Hamide Music
140621272,Stream Music
55782342,Dellasollounge
90354,Melounge
2357041,Call Me Maybe
4608478,TV Hits
54048442,Música Gospel Para Bebês de TraxLab
14171081,Musique Zen Garden & Maison Detente
5851562,Charlie Hightone And The Rock-It's
2137201,The Smooth Jazz Instrumental Band
5547144,The Relaxing Folk Lifestyle Band
3607291,Zumba Fitness & Vanilla Ice
4591105,#1 80's Club Hits Remixed
1534507,I Believe I Can Fly
112437,Various Artists - Jay-Z Tribute
101289,Various Artists - Korn Tribute
80052372,Focus at Work Jazz
10266546,I Love TV Themes
100285102,Musique Pour Dormir Bien
2060931,Hollywood Trailer Music Orchestra
5050563,Ameritz Karaoke Português
114275702,Jazz Café Instrumentals
5502180,Detroit Rock Hitters
1368232,Manhattan Jazz Band
1948871,100 Piano Classics
76727,The Jazz Crusaders
457906,Umo Jazz Orchestra
14482517,Best Piano Covers
1947501,Jazz Rock Fusion
10066496,Relaxation Music Guru
82250392,Twin Flame Music
9283930,BOX OF MUSIC
79099062,Serious Chillout Jazz
94888652,Chill Cow Lofi
4924739,Accordeon Melancolique
1325664,Piano Master
13400673,ASMR Angel
118995,Bobby Rock
5359406,V8 Karaoke
55303792,Jazz Emu
8000352,Musica Mexicana
9216104,Training Music
91270722,FredsVoice ASMR
12358322,Defocus
13049253,Top 40 Hit
1624356,Today's Hits!
55777502,Study Chill
1332838,Vitamin Dub
66979692,Marno ASMR
11303262,Study Help
1074139,Trip Hop
195187,Celtique
4956138,Erotica Sexual Chill out Lounge Music Cafe
13215959,Chinese Yang Qin Relaxation Man
100917612,The Beatles Complete On Ukulele
4680145,Jazz Saxophone Instrumental Music Songs
53388422,The Best of Movie Soundtracks
79002792,Electric Guitar Jazz Collection
12514410,Oasis de piano instrumental
1034952,New Orleans Jazz Orchestra
805228,Relaxing Sounds of Nature
308106,Compagnons De La Chanson
4048000,Country Karaoke Cow Boys
11822209,Groupe de relaxant jazz
3840531,Pilates Workout Music Specialists
5168379,Classic Rock Instrumental
330427,Berardi Jazz Connection
135160462,Gimnasio de motivación
4490324,Metro Karaoke Classics
3212171,Ultimate Karaoke Stars
66765,African Jazz Pioneers
91244952,Audiophile Jazz Bar
7045737,Dance Remix Factory
83084182,Relax Academy ASMR
2148691,Cortez the Killer
10141052,John Rock Prophet
4967880,The Classical Box
77306482,ASMR by ABC
1951411,Scary Halloween Music
4037021,Amphibious Zoo Music
1389593,Music Show Orchestra
12831975,Musica Para Leer
5580438,Music of Italy
63272302,Méditation Coussin
7071227,Acoustic Heroes
267541,Lullaby Lounge
15306171,Chillax Piano
282657,Jazz L'amour
59500412,Piano Smooth
10934590,Yoga Namaste
5520285,432Hz Piano
651408,Rock Riot
7528598,Musique d'accordéon
1352192,Musique Chamanique
9138442,Last Christmas
9065282,Meditation Weekend
157195,Pierre Brasseur
339403,Gymnopédie
8864498,Loungetrap
293174,Lemonjazz
4340280,Songstar
187088,Kevin Costner
49015361,Minimal Asmr
78686132,Jinx ASMR
10591969,Brit Pop
1368007,SEX-O-RAMA
838960,Sounds of Nature for Deep Sleep and Relaxation
92930672,Home & Office Cafe Background Music
11504671,Noel Détente Suite & Camille Noël
8998688,Rain Sounds & White Noise
148174312,RW Contes de fées musicaux
112851,Various Artists - Meatloaf Tribute
1029725,Ensemble Instrumental Jean-Walter Audoli
7527244,Smooth Jazz Family Collective
1348233,Bluegrass - Various Artists
303855,Soft Rock Piano Players
1351074,Blues Piano All Stars
7960150,#1 Disco Dance Hits
4036625,Dance à la Plage
113965772,The Big 80s Guys
1398815,101 Classical Music Masterpieces
4067220,Music For Deep Sleep
7835384,Piano Bar Music Guys
193591877,Total Refreshment Centre
10744216,Rainfall For Sleep
3010621,Munich Piano Trio
9813786,Jazz Café Bar
887847,Love Songs Music
8563222,Running Music Academy
1643021,Ameritz Tribute Crew
8000526,Meditation Music Club
6553093,Piano Fantasy
1089795,Sleep Machine
11668293,Soft Sleeping
4545426,Frank Piano
1670800,Go Music
65111992,Lyric Noel
113714522,kevinseopiano
81504362,Catplant ASMR
65111992,Lyric Noel
10525939,"Ultimate Pop Hits, Soft Rock Players & Steve Petrunak"
100305282,RW Se détendre avec le bruit des vagues
9399592,Agua Sin Gas by Antoine Clamaran
8006792,101 Strings Orchestra & Singers
1361171,The Ultimate Beatles Cover Band
2138451,The Smooth Jazz Dinner Players
91734722,Focus at Work Jazz Playlist
1351087,Ambient Lounge All Stars
6133842,Les racines du Hard-Rock
178935897,ASMR Tom et sérénité
66976002,Reading Background Music Playlist
1440281,Classical Wedding Music Experts
1193056,Banda Musical De Broadway
7999212,Brain Study Music Guys
5152735,Chillout Relaxation Dream Club
13510655,Acoustic Country Band
12646057,The Sleep Specialist
104840132,White Noise Playlist
993165,Huey Piano Smith
3673851,Smooth Jazz Band
11803245,Indie Rock Hits
109785042,Musique pour Cuisiner
7324838,Sex Music Masters
1376709,Dancefloor Magic
9712620,Direction Piano
91257222,Jazz Audiophile
4740211,70s Chartstarz
9126014,80s Hits
600348,Dinner Music
253627,Lo-Fi
6573839,Musicen
1951031,Piano Love Songs: Classic Easy Listening Piano Instrumental Music
1361415,I Will Never Be The Same
3182731,I'm Not Giving Up On You
122475,Various Artists - Missy Ellliot Tribute
167523907,Yeskids - Chansons Pour Enfants
12656365,Bar de Piano à Queue
7623490,Soothing Piano Music Universe
7171718,Monster's Halloween Dance Music
143181112,Acoustic Christmas Music Band
8900866,The Butterfly Chillout Ensemble
7618154,The Movie Soundtrack Experts
9732498,Piano Learning Tracks
998648,AGATHE JAZZ QUARTET
6875887,Shotgun Jazz Band
5894368,Ten Second Songs
1206372,Caraib to jazz
63594832,Instrumental Sleeping Music
111582,Sufi Music Ensemble
342769,Jazz Orchestra
4027176,Piano Classico
3635441,80s Casual
13352041,Pacifica Music
8965628,Forest Sounds
12513078,"Michael Jackson, Base Karaoke + Choirs"
126174,Various Artists - Bloc Party Tribute
983980,PLAY! A Video Game Symphony
14009625,The Sounds Of Led Zeppelin
9829424,TV & MOVIE SOUNDTRAX
3635541,Bobby C Sound Tv
4153433,80's Love Band
53464602,90's Rap Beats
3714501,Kids Music All-Stars
1457978,Acoustic Celebrities
11180938,B'Rock Orchestra
293172,Night Loungers
4315719,Afrikan Roots
12306668,Du Rock
103999452,Xavi Music
58710442,Air
11118604,Asmr Girl
567561,Healing Sounds for Deep Sleep and Relaxation
145132852,Le Piano de Relaxation
1510325,ABC Paramount Orchestra
14580511,Flor de Rap
5448131,African Jazz
9669042,Cold Reading
11718411,Ace-Rock
9129072,Tiktok
452432,Chill
89785912,RunFit
165051127,UEFA
356139,Remix
428893,Oldies
1639674,Bible
