artist_id,total_n_pqnt_texte,name,type,regex
1252527,83015,L's,remove,
1252527,83015,L’s,remove,
513155,77316,Les,remove,
12129,43039,Paris,remove,
4429712,34887,France,remove,
4131,23950,The The,fix,\bThe The\b
4131,23950,The,remove,
311357,12859,Che,remove,
311357,12859,Ché,remove,
94390,11810,Cristina,remove,
94390,11810,New York,remove,
153964,10615,Michel,remove,
66058372,10615,Michel,remove,
64308902,9593,Brö,fix,\bBrö\b
1046009,9034,David,remove,
1639085,9034,David,remove,
4890045,9034,The David,remove,
4890045,9034,David,remove,
126202,8646,Plus,remove,
260397,8506,Jacques,remove,
260397,8506,Jacque(s),remove,
1903,8454,Europe,remove,
1903,8454,EUROPE,remove,
9801446,7852,Louis,remove,
151357,6383,Claude,remove,
82872,6084,Deux,remove,
475726,5858,Que,remove,
1299539,5500,Guè,remove,
1299539,5500,Gué,remove,
7079,5440,Culture,remove,
73830502,5440,Culture,remove,
241465,5329,Non,remove,
241465,5329,NON,remove,
132521,5295,Charles,remove,
3345,5229,James,remove,
6995,5196,Berlin,remove,
171,5195,Berlin,remove,
798,5012,Avant,remove,
113700,4924,Michael,remove,
113700,4924,Mickael,remove,
468805,4630,Los,remove,
14987,4628,Silence,remove,
14987,4628,silence,remove,
198654,4534,Art,remove,
11561,4418,Clémentine,remove,
11561,4418,Clementine,remove,
11561,4418,Clé,remove,
2248,4179,The Music,remove,
2248,4179,Music,remove,
4715,4126,Love,remove,
99272,4121,Jonny,remove,
99272,4121,Johnny,remove,
1228,4044,Johnny,remove,
469969,4033,Rien,remove,
469969,4033,Rein,remove,
1627,3923,Christophe,negative,\bChristophe\b(?! [A-Z])
1627,3923,Cristhophe,negative,\bCristhophe\b(?! [A-Z])
1039573,3698,Nord,remove,
7344,3625,Black,remove,
54141,3476,Christian,remove,
1,3445,Guitar,remove,
1,3445,Beat,remove,
1,3445,ዘ ቢተልስ,remove,
1,3445,দ্য বিটল্‌স,remove,
1,3445,ધ બિટલ્સ,remove,
1,3445,더 비틀즈,remove,
1,3445,द बीटल्स,remove,
1,3445,Bítlarnir,remove,
1,3445,ದಿ ಬೀಟಲ್ಸ್,remove,
1,3445,ദി ബീറ്റിൽസ്,remove,
1,3445,ਦ ਬੀਟਲਜ਼,remove,
1,3445,ద బీటిల్స్,remove,
1,3445,די ביטלס,remove,
1,3445,ᱫᱚ ᱵᱤᱴᱞᱮᱥ,remove,
1,3445,द बिटल्स,remove,
5953,3405,Henri,remove,
11028,3404,Magazine,remove,
11028,3404,magazine,remove,
72702,3399,Catherine,remove,
128266712,3110,Stéphane,remove,
126332812,3012,Rosé,remove,
126332812,3012,ROSÉ,remove,
126332812,3012,ROSIE,remove,
126332812,3012,ROSE,remove,
131321412,2995,Simon,remove,
143963,2788,Antoine,negative,\bAntoine\b(?! [A-Z])
1656603,2746,Rome,remove,
1656603,2746,Romeo,remove,
384040,2709,Frank,remove,
332820,2693,Bruno,remove,
4488457,2692,S.,remove,
896,2571,Jack,remove,
15293,2571,Jack,remove,
69801,2546,Hugo,remove,
4542822,2546,Hugo,remove,
56148,2512,Man,remove,
12261,2484,Bertrand,remove,
132246,2469,AFP,remove,
103698,2464,King,remove,
7108541,2413,Rome,remove,
87397162,2413,Rome,remove,
56094992,2401,Prince,remove,
667,2363,Jones,remove,
425643,2363,Jones,remove,
1099667,2363,Jones,remove,
15776,2328,Emmanuel,remove,
188,2252,Joe,remove,
1550453,2176,Jeanne,remove,
75020,2162,Young,remove,
554642,2145,Sophie,remove,
161777,2144,Versailles,remove,
61515,2051,Charlie,remove,
100389612,2051,Charlie,remove,
1280477,2010,Institut,remove,
1248,2008,Ray,remove,
249510,2005,Joseph,remove,
72646102,2005,Joseph,remove,
11,1974,Stones,remove,
2592,1947,Chicago,remove,
2592,1947,Chigaco,remove,
1618879,1921,Warner,remove,
1618879,1921,Warren,remove,
12004,1918,Henry,remove,
252242,1917,Ray,remove,
252242,1917,RAY,remove,
152958,1904,Tony,remove,
7590,1884,Gary,remove,
7590,1884,Jules,remove,
172246,1860,Albert,remove,
1520407,1859,Redcar,remove,
1520407,1859,Chris,remove,
83026,1836,Mark,remove,
83026,1836,MARK,remove,
17056,1820,Surface,remove,
17056,1820,surface,remove,
17056,1820,SURFACE,remove,
15546,1815,C. Franck,remove,
15546,1815,Franck,remove,
15546,1815,Fraanck,remove,
15546,1815,C. Frank,remove,
15546,1815,C.Franks,remove,
15546,1815,C.Franck,remove,
246432,1795,White,remove,
270,1781,Face,remove,
4552552,1769,Outre,remove,
11234,1766,Roger,remove,
418907,1755,Toulouse,remove,
3590,1750,Barbara,negative,\bBarbara\b(?! [A-Z])
144,1730,Blue,remove,
1530,1715,Davis,remove,
192288,1697,Christine,remove,
79676,1691,Victor,remove,
1125,1685,Elvis,remove,
80758,1657,Encore,remove,
140483422,1654,Belle,remove,
71164,1653,Wilson,remove,
286540,1653,Wilson,remove,
78978002,1653,Wilson,remove,
158240,1642,Brian,remove,
805,1630,Towner,remove,
805,1630,Williams,remove,
163496,1630,Strasbourg,remove,
212,1619,Williams,remove,
8493,1619,Williams,remove,
57542,1619,Williams,remove,
84879,1618,Champs,remove,
726,1617,Life,remove,
292799,1616,Hélène,remove,
551915,1616,Gabriel,remove,
551915,1616,Dizzy,remove,
551915,1616,Diz,remove,
646,1584,Camille,negative,\bCamille\b(?! [A-Z])
21,1578,Renaud,negative,\bRenaud\b(?! [A-Z])
4512,1567,Kiss,remove,
4512,1567,Jay,remove,
4512,1567,Jada,remove,
78651252,1565,Claire,remove,
78651252,1565,CLAIRE,remove,
11800,1550,Noir,remove,
4663498,1550,Noir,remove,
1352097,1518,Bastille,remove,
68559492,1518,Bastille,remove,
10607025,1495,Damé,remove,
1626,1493,Ferré,remove,
1112,1491,Juliette,negative,(?<!(Roméo et ))Juliette\b(?!\s([A-Z]|et Roméo))
464569,1480,Morgan,remove,
464569,1480,Leonard,remove,
354410,1464,Adé,remove,
354410,1464,ADE,remove,
354410,1464,Ade,remove,
112617712,1463,Adé,remove,
310469,1441,Hervé,remove,
310469,1441,Herve,remove,
175710937,1440,Lou,remove,
175710937,1440,LOU,remove,
12564360,1437,Lou,remove,
744,1434,Simone,remove,
134779,1419,Francisco,remove,
152188,1414,Taylor,remove,
94968,1413,Christie,remove,
3509,1409,Band,remove,
64873,1383,Alice,remove,
14124353,1383,Alice,remove,
6182,1380,Lady,remove,
16732,1378,Fred,remove,
1424540,1378,Fred,remove,
76053262,1378,Fred,remove,
529,1371,Raphaël,remove,
7657794,1371,Raphaël,remove,
15835,1349,Canada,remove,
15835,1349,Pain,remove,
7722,1340,Stone,remove,
6014250,1338,O.,remove,
15352,1326,Carlos,remove,
65998,1314,Little,remove,
75746,1309,Cuba,remove,
57573792,1309,Madame,remove,
147887,1288,Severine,remove,
147887,1288,Séverine,remove,
147887,1288,Céline,remove,
6009,1277,Washington,remove,
167871,1277,Washington,remove,
5602,1275,christ.,remove,
5602,1275,Christ,remove,
14897,1266,Ali,remove,
2722,1265,Andy,remove,
83110,1258,Brigitte,negative,\bBrigitte\b(?! [A-Z])
168,1253,Live,remove,
168,1253,Līve,remove,
256930,1252,Night,remove,
7035,1248,Red,remove,
7035,1248,RED,remove,
10338340,1246,Red,remove,
72639412,1235,Alex,remove,
72639412,1235,ALEX,remove,
9905,1234,Alex,remove,
1650,1232,Patrice,remove,
142759,1231,Mike,remove,
142759,1231,MIKE,remove,
226,1225,Dad,remove,
226,1225,Lennon,negative,(?<![A-Z]\w{1,10} )\bLennon\b
437171,1221,Adam,remove,
11507431,1212,Boris,remove,
5013799,1186,Sainte,remove,
5013799,1186,Sainté,remove,
55727702,1175,Put',remove,
55727702,1175,Way,remove,
55727702,1175,Path,remove,
8593594,1166,Drame,remove,
93219,1164,The Nice,remove,
93219,1164,Nice,remove,
64346,1161,Renaissance,remove,
258199,1156,Blanche,remove,
96211032,1156,Blanche,remove,
5591521,1153,Rose,remove,
5591521,1153,ROSE,remove,
1529,1144,Jane,remove,
81119,1142,Park,remove,
56879962,1134,Charlotte,remove,
369,1133,Aïr,remove,
64312862,1127,Air,remove,
5875141,1110,Brin,remove,
5875141,1110,brin,remove,
244719,1108,Jules,remove,
1211251,1099,Studio,remove,
9232,1093,Manuel,remove,
4859077,1089,Yann,remove,
8109,1072,bond,remove,
8109,1072,BOND,remove,
8109,1072,Bond,remove,
92959,1058,Sun,remove,
92959,1058,SUN,remove,
74325122,1058,Will,remove,
483061,1053,Bas,remove,
189990,1037,Sylvie,remove,
456583,1034,Web,remove,
456583,1034,The Web,remove,
69925,1029,Pink,remove,
69925,1029,P.nk,remove,
3800,1028,Brooklyn,remove,
3800,1028,BROOKLYN,remove,
279700,1024,Detroit,remove,
279700,1024,Détroit,remove,
121437362,1024,Nancy,remove,
1110491,1018,Johnson,remove,
17053,1015,Voyage,remove,
15295,1013,Harmonia,remove,
58597,1013,Franco,remove,
338438,1013,Emmanuelle,remove,
14813,1012,Association,remove,
5511290,1012,Stephen,remove,
6209976,1007,Dave,remove,
11256100,1007,Dave,remove,
1831,1003,Miller,remove,
7461,979,Christophe Beck,remove,
7461,979,Beck,remove,
7461,979,Jean-Christophe Beck,remove,
7461,979,Chris Beck,remove,
7461,979,Christopher Beck,remove,
7461,979,Кристоф Бек,remove,
7461,979,Cristopher Beck,remove,
7461,979,Jean-Christophe,remove,
7461,979,Jean Beck,remove,
7461,979,Jean Christophe Beck,remove,
7461,979,Jean Christophe,remove,
7461,979,Christof Beck,remove,
7461,979,Christoff Beck,remove,
7461,979,Christophe Back,remove,
1694408,968,Anthony,remove,
208429867,968,Berlioz,remove,
208429867,968,berlioz,remove,
240825,960,Girl,remove,
11090248,960,Béné,remove,
8359,954,Laura,remove,
465,953,Mario,remove,
57075,953,Kim,remove,
68078472,953,Kim,remove,
66138,947,Nina,remove,
152627,940,Manu,remove,
2449,937,Trane,remove,
131422,928,Walter,remove,
14428,921,Nuages,remove,
14428,921,nuages,remove,
14428,921,n u a g e s,remove,
66804322,921,Detroit,remove,
78339,915,Nelson,remove,
6005,909,Howard,remove,
6005,909,Newton,remove,
336631,909,Fire,remove,
66738,906,Molière,remove,
66738,906,Ž. B. Moljērs,remove,
66738,906,Jean-Baptiste Poquelin,remove,
66738,906,Ž. B. Moljers,remove,
49449522,903,Vendredi,remove,
5322005,902,Temps,remove,
2344,900,CAN,remove,
2344,900,Can,remove,
1551,899,Bush,remove,
11656353,899,Bush,remove,
72328,894,Khan,remove,
72328,894,Kahn,remove,
1467261,863,Paradis,remove,
3367,856,Louis XIV,remove,
3367,856,Louis XVI,remove,
3367,856,Louis the Fourteenth,remove,
14919,845,Birdman,remove,
14919,845,Baby,remove,
14919,845,The Birdman,remove,
412,843,Supernatural,remove,
470962,841,Breton,remove,
470962,841,Breton_,remove,
429675,838,Mars,remove,
81964392,838,MARION,remove,
81964392,838,Marion,remove,
860,837,Floyd,remove,
8211,825,Cousteau,remove,
8211,825,Moreau,remove,
1544,823,Harvey,remove,
576,822,Annie,remove,
1560,822,Brel,remove,
1661991,819,Montmartre,remove,
817,818,Who,remove,
377628,815,balance,remove,
377628,815,Balance,remove,
145,805,Beyonce',remove,
8425674,805,Nicole,remove,
69904,804,Nicole,remove,
290308,802,ONF,remove,
299807,793,Rex,remove,
522977,793,Haute,remove,
1932,788,Texas,remove,
65984,788,Carmen,remove,
54627,787,Carmen,remove,
276825,776,Gary,remove,
159452,772,The Last,remove,
159452,772,Last,remove,
4507786,770,Hill,remove,
203095,766,Luis,remove,
6786437,760,Catalogue,remove,
54448,756,Mai,remove,
54448,756,MAI,remove,
73876,753,Broadway,remove,
73876,753,BROADWAY,remove,
1297663,753,Euro,remove,
1297663,753,euro,remove,
5391906,751,Alpes,remove,
152756,750,Sept,remove,
3339,749,Boston,remove,
311920,746,Erick,remove,
311920,746,Erik,remove,
464999,743,Ariane,remove,
11587,741,Cage,remove,
404744,734,Normandie,remove,
12294910,734,Road,remove,
1366667,733,Pedro,remove,
15200715,723,Ange,remove,
202456,719,Billie,remove,
455775,718,Larry,remove,
4847,717,Duke,remove,
85209,717,Russell,remove,
257319,717,Duke,remove,
5412497,717,Duke,remove,
8429,713,Orange,remove,
8718,713,Stéphanie,remove,
8718,713,Stephanie,remove,
9112,713,@mastermind,remove,
9112,713,Ross,remove,
9112,713,Roberts,remove,
53345732,710,Eva,remove,
62413572,710,Eva,remove,
110793,709,Julia,remove,
110793,709,(Julia),remove,
110793,709,Юлия Вирт,remove,
51280432,709,Julia,remove,
1428115,708,Malo',remove,
8283,707,Lisa,remove,
91828,701,Eddy,remove,
12338,699,Ian,remove,
60253,699,Ian,remove,
9353,697,bis,remove,
9353,697,Bis,remove,
119709,697,Magic,remove,
8737,689,Vegas,remove,
261,686,Matt,remove,
371203,685,Marley,remove,
5335388,684,Like,remove,
4771546,682,Dark,remove,
80206212,681,Island,remove,
80206212,681,ISLAND,remove,
8245,674,Murat,remove,
3846,672,Chanel,remove,
4346983,672,Ferdinand,remove,
417037,671,People,remove,
1217605,670,Belmondo,remove,
63622502,668,Erik,remove,
11114556,667,Tate,remove,
3601,662,Eiffel,negative,(?<!([Tt]our|Gustave) )\bEiffel\b
15869,661,Damien,remove,
62750,661,Portrait,remove,
130535,660,CARLA,remove,
130535,660,Carla,remove,
1447,659,Faust,remove,
14390781,659,Faust,remove,
355098,657,Howard,remove,
405567,655,Hardy,remove,
405567,655,HARDY,remove,
6404,652,Justice,negative,"(?<![A-Z][a-z]{1,10} )\bJustice\b(?! [A-Z])"
496875,652,Youth,remove,
4646321,652,Power,remove,
6254,650,Death,remove,
6254,650,Mantas,remove,
5983,648,Clark,remove,
68000172,648,Seven,remove,
68000172,648,Sev',remove,
2833,647,Berry,remove,
7274,647,Down,remove,
74412,647,Victoria,remove,
165394,647,Berry,remove,
10732754,647,Berry,remove,
85045172,647,Victoria,remove,
57032252,645,Death,remove,
1309,643,,remove,
15808,642,,remove,
10817,641,,remove,
128177,641,,remove,
145571192,638,Chloé,remove,
118585,635,Carol,remove,
118585,635,CAROL,remove,
118585,635,Carole,remove,
451710,633,Terry,remove,
15137989,633,Home,remove,
15137989,633,HOME,remove,
15137989,633,HOME-,remove,
58065,630,Home,remove,
57382,628,Diana,remove,
57382,628,DIANA,remove,
57382,628,D I A N A,remove,
56640,623,Emma,remove,
141451402,622,Tristan,remove,
141451402,622,Tristam,remove,
4,618,America,remove,
7570,617,La's,remove,
379079,614,Harrison,remove,
379079,614,✿ Harrison ✿,remove,
379079,614,❀ Harrison ❀,remove,
170672,613,Silence,remove,
311296,613,Silence,remove,
311296,613,Silence 清醒,remove,
4726,611,Glass,negative,"(?<![A-Z][a-z]{1,10} )\bGlass\b(?! [A-Z])"
16390,610,Double,remove,
144040,610,Trio,remove,
144040,610,TRIO,remove,
184546,610,Double,remove,
4427082,610,Emile,remove,
992004,608,Murray,remove,
396214,605,Showbiz,remove,
396214,605,Showb:z,remove,
396214,605,Show,remove,
396214,605,Show Biz,remove,
4664,602,Patricia,remove,
4664,602,M.Rav,remove,
4664,602,M.Ravitz,remove,
308573,602,Damon,remove,
1834,600,L.Cohen,remove,
1834,600,L. Cohen,remove,
67727,600,Kennedy,remove,
67727,600,KENNEDY,remove,
210756,598,Kennedy,remove,
71339302,598,Kennedy,remove,
166,596,Wonder,remove,
181127,594,Palace,remove,
2518,591,Family,remove,
100039,591,Unicron,remove,
100039,591,Del,remove,
100039,591,Dzl,remove,
322211,591,Family,remove,
6927,588,Carter,remove,
90332,588,B. Carter,remove,
90332,588,Carter,remove,
56741282,585,Bené,remove,
75042,583,Rochelle,remove,
206680,582,Norman,remove,
202,580,Sade,remove,
299041,580,Twin,remove,
96571,579,Gray,remove,
96571,579,GRAY,remove,
493002,579,Question,remove,
1054822,578,Santa,remove,
112931932,578,Santa,remove,
7766,577,Space,remove,
159967642,577,Space,remove,
159967642,577,Spac(cut off at 30 chars),remove,
280302,576,Girls,remove,
111275,575,Elliott,remove,
111275,575,Elliot,remove,
1492271,574,Marais,remove,
68166,570,Vaï,remove,
68166,570,Vai,remove,
902224,569,Oliva,remove,
902224,569,Olivia,remove,
4422,568,Requiem,remove,
9378214,568,Requiem,remove,
77120,567,Jennifer,remove,
258864,565,Lost,remove,
258864,565,Jbz,remove,
258864,565,Lōst,remove,
203783297,564,Khan,remove,
6339,562,Omar,remove,
1574676,562,Omar,remove,
440483,559,Papa,remove,
440483,559,PAPA,remove,
4023401,559,Drake,remove,
289584,558,Pauline,remove,
1622,553,J. B.,remove,
1622,553,J.B.,remove,
2466,553,Barry,remove,
1328614,551,Berg,remove,
318330,550,Ryan,remove,
86165,549,Audrey,remove,
555768,548,Edgar,remove,
1446,547,A. Smith,remove,
1263968,546,Nirvana,remove,
5200512,546,Nirvana,remove,
406782,544,Meyer,remove,
66506,542,Joyce,remove,
1293,541,Gilberto,remove,
4191,541,Winter,remove,
65437,541,Winter,remove,
145894,541,Dijon,remove,
1045493,541,East,remove,
8227090,541,EAST,remove,
8227090,541,East,remove,
159086,539,Scala,remove,
280571,539,Scala,remove,
6810,537,Mission:,remove,
6810,537,Mission,remove,
75771,536,Come,remove,
1035806,534,Blood,remove,
2506,532,Natalie,remove,
310753,531,Gaston,remove,
114006982,529,Dada,remove,
114006982,529,dada,remove,
10129,528,War,remove,
2173,527,Giorgio,remove,
76199,527,Olivia,remove,
63881152,526,Django,remove,
525643,524,Sonny,remove,
12053,522,Next,remove,
8464,519,witt,remove,
8464,519,Julian,remove,
74685,518,Racine,remove,
66644,517,Dumas,remove,
342909,517,Elizabeth,remove,
9680,516,Lawrence,remove,
13072,516,Lawrence,remove,
200981,512,Martha,remove,
7525,509,Free,remove,
7525,509,The Free,remove,
13339,509,Monaco,remove,
10636761,509,Grace,remove,
10636761,509,Gräce,remove,
76030882,509,Grace,remove,
117685152,509,Free,remove,
51,506,Kam,remove,
51,506,Cam,remove,
14129,505,Bernstein,remove,
270836,504,Kafka,remove,
9784,503,Michel'le,remove,
9784,503,Michel’le,remove,
9784,503,Michele,remove,
9784,503,Michelle,remove,
9784,503,Mi'Cehele,remove,
9784,503,Michel'le Toussaint,remove,
60446,501,Fanny,remove,
73,500,NES,remove,
116019,498,OLIVER,remove,
116019,498,Oliver,remove,
5217940,498,Oliver,remove,
166585887,498,Rain,remove,
70186,497,Perry,remove,
6690,495,Richter,remove,
54996,495,Richter,remove,
95239,493,Britten,remove,
1018038,493,Pure,remove,
1018038,493,Nora,remove,
2,491,"Clash, Thr",remove,
2,491,Clash,remove,
59195,491,End,remove,
59195,491,END,remove,
82064,488,Chevalier,remove,
415947,485,The Two,negative,\bThe Two\b(?! [A-Z])
415947,485,Two,remove,
15,483,Phoenix,negative,"(?<![A-Z][a-z]{1,10} )\bPhoenix\b"
17145,480,Murphy,remove,
8626,479,When,remove,
8981486,479,Golden,remove,
687,478,Cooper,remove,
87632962,478,Bâ'a,remove,
17208,477,Stanislas,remove,
258054,477,Reuben,remove,
258054,477,Angel,remove,
365664,477,Miguel,remove,
1061,476,Dmitri,remove,
1061,476,Dimitri,remove,
192435,476,Dante,remove,
65597312,475,Marvin,remove,
714,473,Alpha,remove,
13214,473,Faure,remove,
72836,473,brad,remove,
72836,473,Brad,remove,
160582,473,Delphine,remove,
58505,471,Andrea,remove,
5517719,471,Bonnie,remove,
57854,467,Mireille,remove,
4269074,467,Manet,remove,
174991,465,Pan,remove,
465643,464,Beau,remove,
3561671,463,BLEU,remove,
3561671,463,Bleu,remove,
1249,461,Warsaw,remove,
1820,461,Images,remove,
8791,461,Eastwood,remove,
80996,460,Angel,remove,
72203582,460,Angel,remove,
9440,459,Fela,remove,
13162,459,Houston,remove,
152070,459,Judith,remove,
281496,455,Katerine,remove,
11848039,455,Harlem,remove,
4040353,454,Bacon,remove,
359796,452,Odile,remove,
392436,452,Mann,remove,
1083,451,Anton,remove,
1387,451,Nouvelle Vague,remove,
1387,451,Nouvelle Vogue,remove,
1387,451,Nouvelle Vague Bande,remove,
68581,450,College,remove,
74357,448,Marina,remove,
74357,448,MARINA,remove,
204899,448,Marina,remove,
56563742,448,Marina,remove,
2337,445,Armstrong,remove,
8937,444,Sebastian,remove,
628,442,Armstrong,remove,
1664,441,Herbert,remove,
92590,441,Lion,remove,
10027446,441,Herbert,remove,
91214,440,Penn,remove,
6333,439,Galliano,remove,
3280,437,Fitzgerald,remove,
2018491,437,Old,remove,
170235867,437,Houston,remove,
239,435,Roots,remove,
75821,435,Main,remove,
1500,434,Pigalle,remove,
1500,434,Pigale,remove,
62797,434,More,remove,
4431244,434,Conrad,remove,
5060,433,Martinez,remove,
10600,433,Arena,remove,
108315,433,tir,remove,
108315,433,Tyr,remove,
10362,432,Elsa,remove,
837,430,Eve,remove,
10197,430,Yannick,remove,
69127692,430,Eve,remove,
69128312,430,Eve,remove,
71304,429,Sweet,remove,
337283,429,Room,remove,
10735,428,Fall,remove,
2067,426,Stars,remove,
2067,426,The Stars,remove,
194366,426,Murphy,remove,
258962,426,Dennis,remove,
344155,426,Ross,remove,
12530904,424,Rémy,remove,
75355,423,Héctor,remove,
86688,423,Rodrigo,remove,
244605,423,Rodrigo,remove,
1088335,423,Gregory,remove,
97328,421,Wolf,remove,
84408032,421,Wolf,remove,
7131,420,Goya,remove,
9210,420,Off,remove,
372131,420,Artaud,remove,
372131,420,Félix J,remove,
2216,417,God,remove,
2216,417,LOG,remove,
1702774,417,Ellis,remove,
842,416,Luke,remove,
2822,416,Saint Etienne,remove,
2822,416,St. Entienne,remove,
2822,416,St. Ettiene,remove,
2822,416,Saint Ettienne,remove,
2822,416,St. Etienne,remove,
2822,416,St. Ettienne,remove,
2822,416,Saint-Etienne,remove,
2822,416,Saint Ettiene,remove,
2822,416,St.etienne,remove,
2822,416,Saint Étienne,remove,
2822,416,St Etienne,remove,
4132,416,Suicide,remove,
117570,416,Ellis,remove,
165930,416,Future,remove,
5248519,416,Luke,remove,
7376,414,South,remove,
3944,412,Jam,remove,
464567,410,Minuit,remove,
87940,407,Atlas,remove,
2095721,407,Atlas,remove,
2245,404,Newman,remove,
5679,404,Newman,remove,
10800,404,Newman,remove,
10800,404,David Louis,remove,
131613,404,Silver,remove,
1658933,404,Silver,remove,
5922055,403,Montaigne,remove,
1602107,401,Bataille,remove,
7867,400,Titanic,remove,
392657,399,Hancock,remove,
506731,399,Ornette,remove,
1101,398,Apocalypse,remove,
92165,398,Apocalypse,remove,
10287174,397,Afro,remove,
13962203,396,Zola,remove,
1409,395,Holmes,remove,
5500771,395,Land,remove,
54801,393,Idem,remove,
209220,392,Raoul,remove,
64705,391,Earth,remove,
685,388,Train,remove,
3531,388,Lulu,remove,
470428,388,Otis,remove,
13193,387,Testament,remove,
13193,387,Testa,remove,
13193,387,Legacy,remove,
146194,386,Regine,remove,
6599948,385,Morgan,remove,
13,384,M&M,remove,
79711,384,Gene,remove,
15913,383,Gustav,remove,
2848621,383,Varsovie,remove,
12142738,383,Le Dé,remove,
5373,382,Institute,remove,
8506054,382,Ghost,remove,
74831,379,Grégoire,remove,
177402,379,Joni,remove,
232,378,Caetano,remove,
2107,378,Kent,remove,
289637,378,Kent,remove,
5822974,378,Kent,remove,
5822974,378,Kent (France),remove,
11189694,378,I AM,remove,
11189694,378,IAM,remove,
5853,377,Chet,remove,
75820112,376,Cloud,remove,
11204,375,Bar,remove,
477858,374,Figure,remove,
305399,373,Joh,remove,
305399,373,Johan,remove,
305399,373,Staruss,remove,
305399,373,Straus,remove,
305399,373,Straussii,remove,
352846,373,Secret,remove,
1155997,372,Harold,remove,
258151,370,Babel,remove,
1855,368,Nico,remove,
53755,368,Portal,remove,
174087,368,Ono,remove,
7319,367,Lloyd,remove,
14927059,367,LLOYD,remove,
14927059,367,Lloyd,remove,
7492,366,Mehdi,remove,
12489,366,Dion,remove,
61049622,366,Sinmara,remove,
61049622,366,Chao,remove,
118817632,366,Dion,remove,
151551,363,Rodriguez,remove,
55624,362,Experience,remove,
55624,362,Expérience,remove,
55624,362,Exp,remove,
66098,362,Malo,remove,
453999,362,Pacifique,remove,
11710393,362,Joel,remove,
15251901,362,Malo,remove,
521,360,Luther,remove,
2301,360,Powell,remove,
152648,360,Luther,remove,
7204,358,Domino,remove,
256072,358,Attack,remove,
259569,358,Magnum,remove,
191816357,358,Poussin,remove,
8461,355,Wire,remove,
8461,355,Wir,remove,
7134,354,Villeneuve,remove,
142592,354,Paco,remove,
300227,354,Macbeth,remove,
1391659,354,Douze,remove,
11256016,354,PACO,remove,
11256016,354,Paco,remove,
409648,353,Sons,remove,
483737,353,Todd,remove,
88587902,353,Todd,remove,
155494,352,Morris,remove,
159376532,352,Melody,remove,
749,351,Sky,remove,
2882,351,HDL,remove,
2882,351,Leo,remove,
10569,351,Rob,remove,
9907962,351,Sky,remove,
11061680,351,Rob,remove,
1637425,350,Léonin,remove,
1637425,350,Leo,remove,
1637425,350,Leonin,remove,
11246206,349,Leo,remove,
1981,348,Police,negative,"(?<![A-Z][a-z]{1,10} )\bPolice\b(?! [A-Z])"
4115,348,Mana,remove,
4115,348,Manà,remove,
13431867,348,Benny the Butcher,remove,
13431867,348,Benny,remove,
84404902,347,Michelle,remove,
84404902,347,MICHELLE,remove,
49,346,Spectre,remove,
49,346,Chill,remove,
50290152,346,SDF,remove,
4842,345,Voice,remove,
3156,344,Cher,remove,
3156,344,Chér,remove,
3156,344,Cherilyn Sarkisian,remove,
3156,344,Cherilyn LaPiere,remove,
3156,344,Cherilyn Sarkisian LaPierre,remove,
56561,344,Flëur,remove,
56561,344,Fleur,remove,
15072,341,Porter,remove,
16709,341,Porter,remove,
612,340,Massive,remove,
57584,340,Joshua,remove,
990112,339,Whitney,remove,
362,338,coucou,remove,
257449,338,Peace,remove,
172889,337,Melville,remove,
9533,336,Luciano,remove,
12632197,336,Luciano,remove,
108675,335,Ocean,remove,
1261157,335,Pitchfork,remove,
75354,334,Khaled,negative,\bKhaled\b (?! [A-Z])
75354,334,Kaled,negative,\bKaled\b (?! [A-Z])
75354,334,Khalèd,remove,
7478944,334,TOMMY,remove,
7478944,334,Tommy,remove,
113897,332,Elena,remove,
4988,331,Bilal,remove,
117954,331,Kahn,remove,
105633912,331,Jesse,remove,
105633912,331,Jessie,remove,
2680,329,Cherry,remove,
9984,329,Jeepy,remove,
9984,329,Book,remove,
103,328,Pharell,remove,
103,328,Pharrell,remove,
134292,328,Martial,remove,
892,327,Lucifer,remove,
82873,326,Ruth,remove,
8110803,326,Gloria,remove,
3543,321,Chico,remove,
4392,321,Chico,remove,
8680,321,Buddy,remove,
92385092,321,Buddy,remove,
10337604,320,Kong,remove,
91964202,319,Shadow,remove,
72448662,318,Etrange,remove,
100751,317,Spector,remove,
6396188,317,Anne-Marie,negative,\bAnne\-Marie\b (?! [A-Z])
6396188,317,Anne‐Marie,remove,
76514,316,Head,remove,
393926,316,Head,remove,
11563,315,Vision,remove,
11563,315,Vison,remove,
211302,315,Chat,remove,
294866,315,L.A.,remove,
4138084,315,Demy,remove,
113,314,Machin,remove,
113,314,Rage,remove,
2270,314,Monica,remove,
61260952,314,lice,remove,
61260952,314,LICE,remove,
101178762,314,Thérèse,remove,
1029,313,Telephone,remove,
5637,312,Farid,remove,
5637,312,Fenton,remove,
5637,312,Howe,remove,
75887,312,Fuck,remove,
67122,311,Claudia,remove,
67122,311,Cláudia,remove,
265175,311,Randy,remove,
399011,311,Bruckner,remove,
72481062,311,Randy,remove,
847,310,Doors,remove,
255294,310,Einstein,remove,
649108,310,CLAIR,remove,
649108,310,Clair,remove,
649108,310,Brulēe,remove,
5233568,310,Levi,remove,
58029,308,Bristol,remove,
331257,308,Dre,remove,
4122172,308,Bryan,remove,
541197,306,Swift,remove,
108837682,306,Five,remove,
14944,304,Glück,remove,
14944,304,Gluck,remove,
121726,304,Midnight,remove,
417523,304,Tang,remove,
864062,304,MONEY,remove,
864062,304,Money,remove,
1536,303,Morricone,remove,
56071,302,Stella,remove,
244648,302,Austin,remove,
244648,302,Johnta,remove,
8200316,302,Stella,remove,
11033960,302,Dada,remove,
296520,301,Slimane,remove,
77063052,301,Jessica,remove,
2047,300,Jarre,remove,
7361,300,Mountain,remove,
7361,300,Mountian,remove,
62400,300,ARP,remove,
62400,300,Arp,remove,
66946,300,Flash,remove,
115324,300,Gus,remove,
133408512,300,June,remove,
286504,299,Bonaparte,remove,
202996,298,Sunday,remove,
1675521,298,Refuge,remove,
1675521,298,Rage,remove,
5339428,298,Antonin,remove,
864,296,Purple,remove,
110725,296,Drag-On,remove,
110725,296,Drag‐On,remove,
110725,296,Dragon,remove,
146696,296,Hell,remove,
267676,296,Purple,remove,
1368377,296,Brother,remove,
1424821,296,Honeymoon,remove,
3972541,296,Hell,remove,
70779692,296,Hell,remove,
122468,295,Heaven,remove,
262532,295,Bang,remove,
2210161,294,Nothing,remove,
4055,292,Snow,remove,
8000,292,Snow,remove,
1042268,233,Angele,negative,\bAng[èe]le\b(?! [A-Z])
240544,194,Annelise,negative,\bAnnelise\b(?! [A-Z])
1062,251,Dalida,negative,\bDalida\b (?! [A-Z])
2881,201,Sheila,negative,\bSheila\b(?! [A-Z])
1334,150,Archive,negative,"(?<![A-Z][a-z]{1,10} )\bArchive\b(?! [A-Z])"
213,186,A.B.C.,remove,
96460242,186,ABC,remove,
213,186,ABC,remove,
213,186,ABC☆,remove,
288370,223,Abraham,remove,
8923,115,Abstract,remove,
73059,253,Acid,remove,
82865,236,Act,remove,
75798,278,Adele,remove,
70667,123,Agnes,remove,
7058517,231,Ahmad,remove,
1489141,231,Ahmad,remove,
931,95,Aiden,remove,
8623006,106,Aimer,remove,
13176563,147,Akira,remove,
8556,291,Alabama,remove,
5400645,127,Alaska,remove,
147382832,127,Alaska,remove,
83038,110,Alba,remove,
4446887,260,Alessandro,remove,
11735,96,Alexa,remove,
11735,96,Alexia,remove,
126873392,122,Alias,remove,
300082,178,Alien,remove,
1270221,246,Aline,remove,
10478743,194,Alma,remove,
10774910,194,Alma,remove,
9085,141,Ame,remove,
164704,156,Amir,remove,
164704,156,AMiR,remove,
494993,113,Amnesty,remove,
985,259,Anaïs,remove,
7860172,159,Andersen,remove,
145661,170,Andres,remove,
145661,170,Andrés,remove,
1042268,233,Angèle,remove,
61051852,233,Angèle,remove,
73566802,127,Angelina,remove,
3955,285,Angels,remove,
67299732,139,ANGIE,remove,
67299732,139,Angie,remove,
103050,213,Animals,remove,
142990,152,Animation,remove,
1658,263,Anis,remove,
194482,285,Anita,remove,
112146,120,Anja,remove,
156,111,Anouk,remove,
5566,188,Ant,remove,
434290,217,Anti,remove,
310493,221,Antigone,remove,
67334,269,Antony,remove,
9400494,262,Antony,remove,
10237,257,Anvil,remove,
96728672,129,April,remove,
96728672,129,APRIL,remove,
158116,130,Arditi,remove,
78177,127,Argent,remove,
1148657,131,Arielle,remove,
8648524,267,Arizona,remove,
17035,246,Arsenal,remove,
13257,99,Ascension,remove,
5289,105,Asia,remove,
1282173,104,Assad,remove,
64567062,215,Assassin,remove,
484688,127,Atom,remove,
12340,109,Attila,remove,
10293812,109,Attila,remove,
1365440,115,Aube,remove,
898502,154,Audio,remove,
3708,231,Avatar,remove,
114366,106,Avatar,remove,
114366,106,Avattar,remove,
35,182,Avril,remove,
168543387,139,AYA,remove,
168543387,139,Aya,remove,
168543387,139,aya,remove,
1336110,277,Azur,remove,
4553622,162,Babylone,remove,
4553622,162,babylone,remove,
384181,160,Balthazar,remove,
12794,240,Baltimore,remove,
11051,118,Bambe,remove,
11051,118,Bambee,remove,
11051,118,Bambi,remove,
13099141,118,Bambi,remove,
11051,118,Bambie,remove,
11051,118,Bambii,remove,
555816,229,Banks,remove,
11695007,173,Banquet,remove,
10740,94,Baobab,remove,
6801,131,Barber,remove,
1652107,229,Barbie,remove,
4599926,101,Barrie,remove,
7306,148,Basie,remove,
17028,117,Battle,remove,
245875,153,Baxter,remove,
8980408,130,Bayonne,remove,
472954,138,Beam,remove,
159858922,260,Bear,remove,
431975,90,Being,remove,
69197,246,Believe,remove,
16679,115,Benoit,remove,
9493,116,Between,remove,
500390,246,Beverly,remove,
2519,122,Biggie,remove,
107666,103,Birdy,remove,
7341,108,Bizarre,remove,
7341,108,Bizzare,remove,
5092,124,Blackstar,remove,
187726,104,Blackstar,remove,
4824685,253,Blair,remove,
6887109,253,Blair,remove,
210302047,253,Blair,remove,
10942,146,Blanchard,remove,
171775,102,Blanco,remove,
144139182,102,Blanco,remove,
144139182,102,BLANCO,remove,
4407,106,Bleach,remove,
13047,108,Bloom,remove,
375382,223,blu,remove,
375382,223,Blu,remove,
10865,181,Bo$$,remove,
1160957,252,Bombay,remove,
277893,133,Bones,remove,
49533552,117,Bonn,remove,
65612782,198,Boogie,remove,
275186,127,Bop,remove,
4017953,93,Borgia,remove,
10865,181,Boss,remove,
6402,166,Bourvil,remove,
181764997,179,Bovary,remove,
157443,154,Brass,remove,
4315474,207,Bravo,remove,
336840,92,Brazzaville,remove,
7420680,112,Bridges,remove,
2111,119,Broad,remove,
817889,110,Bronson,remove,
3767,250,Brooks,remove,
118354112,194,Bros,remove,
6982223,97,BTS,remove,
352182,243,Buckley,remove,
84654,195,Buffalo,remove,
172160,95,Bukowski,remove,
184175,187,Bull,remove,
121,94,Burial,remove,
6281,91,Burial,remove,
470491,236,Burns,remove,
3928,130,Business,remove,
9002,141,C-N-N,remove,
9002,141,C.N.N.,remove,
54411092,151,Cadillac,remove,
454,112,Calling,remove,
5003885,275,Campbell,remove,
12422,174,Candy,remove,
9602094,127,Capital,remove,
1485959,105,Capra,remove,
261160,150,capsule,remove,
261160,150,Capsule,remove,
3710,100,Caravan,remove,
8551,179,Cargo,remove,
8551,179,cargo,remove,
3892,149,Caribou,remove,
192610,115,Carine,remove,
346945,120,Carrousel,remove,
570,138,Cars,remove,
70013572,184,Casanova,remove,
155309,125,Case,remove,
210355,139,CASEY,remove,
210355,139,Casey,remove,
6046724,139,Casey,remove,
100003,97,Casta,remove,
6046724,139,Cazey,remove,
1668,135,Cell,remove,
153557,232,Cello,remove,
86564,161,Century,remove,
3304,133,Cesare,remove,
134511,109,Chad,remove,
418003,234,Chamber,remove,
9185,131,Champion,remove,
76072762,131,Champion,remove,
4449120,240,Chance,remove,
6549,169,Change,remove,
656972,166,Char,remove,
466397,126,Charlemagne,remove,
263694,212,Charpentier,remove,
4995202,126,Chartreuse,remove,
1166,113,Chase,remove,
1600681,106,Chassol,remove,
1618820,97,Chausson,remove,
6937,243,Chef,remove,
365351,206,Chelsea,remove,
69832,102,Cheveu,remove,
2640,213,Chic,remove,
10514,115,Chiens,remove,
477434,286,Child,remove,
530,137,Children,remove,
211469,218,China,remove,
82989,218,China,remove,
291325,149,Chip,remove,
67536,107,Chocolat,remove,
87312,256,Cindy,remove,
208756407,256,Cindy,remove,
80939,111,Circle,remove,
131964,253,Circus,remove,
57867512,143,Citizen,remove,
66566,247,Clémence,remove,
9002,141,CNN,remove,
4694,149,Cobra,remove,
116147,235,Code,remove,
5333973,242,Cœur,remove,
158405712,196,Cola,remove,
318,243,Cold,remove,
149102,232,Colombier,remove,
165499,219,Colorado,remove,
8596,183,Coluche,remove,
1313982,123,Comes,remove,
238,134,Common,remove,
807641,168,Conan,remove,
171724,232,Concorde,remove,
82068,119,Constantine,remove,
7416,154,Copeland,remove,
7416,154,Copland,remove,
644850,184,Corea,remove,
310,273,Corneille,remove,
6088,112,Cornelius,remove,
2084,111,Cornelius,remove,
97035,135,Cortot,remove,
11823,283,Costello,remove,
10836146,127,Courtesy,remove,
195247,124,Cowboy,remove,
134105,191,Cox,remove,
3918,110,Cramps,remove,
1796,175,Cream,remove,
1783,104,Creed,remove,
132100,243,Crime,remove,
506377,100,Crown,remove,
162581557,100,Crown,remove,
265841,185,Crumb,remove,
6976,176,Crystal,remove,
156881,235,Cyrus,remove,
265204,93,Daisy,remove,
121457,111,Dakota,remove,
12564052,251,Dalida,remove,
117824532,118,Dalton,remove,
62660,124,Damnation,remove,
7064,122,Dandy,remove,
86066,200,Danger,remove,
74815,142,Dani,remove,
388407,97,Daoud,remove,
17088,199,Daphné,remove,
3892,149,Daphni,remove,
1043,209,Dario,remove,
12049,116,Darius,remove,
7486046,116,Darius,remove,
6147,111,Darkness,remove,
70141,209,Dawn,remove,
79350,209,Dawn,remove,
3295,98,Deluxe,remove,
789372,122,Desert,remove,
9122,90,Desmond,remove,
1177425,149,Destin,remove,
5899243,117,Destiny,remove,
62769,109,Destiny,remove,
174945,128,Deville,remove,
12280,129,Dexter,remove,
105676,266,Diamond,remove,
1779,103,Dickinson,remove,
264523,126,Diesel,remove,
367989,207,Dieudonne,remove,
367989,207,Dieudonné,remove,
3798,114,Digger,remove,
641,135,Dima,remove,
122768,119,Dina,remove,
669,249,Dionysis,remove,
65768562,239,Dionysos,remove,
1846,118,Diplo,remove,
1846,118,Diplodocus,remove,
515476,119,Dixon,remove,
2929,209,Dogs,remove,
56836182,145,Dolly,remove,
1749,145,Dolly,remove,
7609,250,Dom,remove,
85439,250,Dom,remove,
246735,97,Dominic,remove,
86139072,144,Donavan,remove,
86139072,144,Donovan,remove,
86139072,144,Donovon,remove,
2857,114,DOOM,remove,
2857,114,Doom,remove,
50173132,221,Dora,remove,
100289,190,Doris,remove,
14388,133,Dorothee,remove,
14388,133,Dorothée,remove,
80463,164,Dorothy,remove,
3639,166,Doyle,remove,
58639,166,Doyle,remove,
763,264,Dre..,remove,
1269382,174,Driver,remove,
8289498,107,Dune,remove,
13011543,107,Dune,remove,
10043,100,Dust,remove,
5051,286,e:,remove,
210,192,Eagels,remove,
210,192,Eagles,remove,
2841,191,Electronic,remove,
5591522,198,Elephant,remove,
61105892,155,Elia,remove,
61105892,155,ELIA,remove,
9783334,186,Elias,remove,
2279,143,Elisa,remove,
472954,138,Elite,remove,
195476,105,Elite,remove,
2928,156,Emanuel,remove,
11076,121,Emerson,remove,
5175,97,Emperor,remove,
101675692,97,Emperor,remove,
5175,97,Emporer,remove,
278643,185,Engel,remove,
4678250,158,England,remove,
2792,220,Enrique,remove,
2792,220,Enriqué,remove,
102627,241,Epic,remove,
16745,200,Est'elle,remove,
16745,200,Est’Elle,remove,
16745,200,Estelle,remove,
322955,146,Eugénie,remove,
398254,217,Eurydice,remove,
5051,286,Everything,remove,
193657,170,Evil,remove,
1332024,123,Exile,remove,
77959,123,Exile,remove,
5640,136,Expose,remove,
5640,136,Exposé,remove,
5640,136,Expose',remove,
74,95,Fabulous,remove,
2444,112,Faces,remove,
266,171,Faith,remove,
109618,171,Faith,remove,
83008,252,Fantasy,remove,
152218,216,Far,remove,
6207,100,Farm,remove,
114089,158,Father,remove,
63927,114,Fatima,remove,
407920,150,Fats,remove,
5160574,250,Fauve,remove,
56895,250,Fauve,remove,
66322,112,Fear,remove,
568,273,Felix,remove,
475045,213,Fiction,remove,
64586,231,Fields,remove,
644,242,Fiest,remove,
65923,149,Fight,remove,
17304,124,Fingers,remove,
1726991,128,Fish,remove,
7347,128,Fish,remove,
56125,177,Fisher,remove,
177481,94,Floor,remove,
14336833,91,Flow,remove,
4407,106,Flow,remove,
88917852,123,Flower,remove,
179,124,Flowers,remove,
207560517,124,Flowers,remove,
13533393,198,Foé,remove,
152265,130,Food,remove,
194277,256,Forest,remove,
472588,121,Formation,remove,
147779,93,Fortune,remove,
147955,161,Frances,remove,
110636,102,Frans,remove,
10686,92,Freaks,remove,
148468,210,Freddie,remove,
62057,237,Freedom,remove,
5715,156,Freeman,remove,
72481502,155,Freeman,remove,
73721962,220,Frida,remove,
629,110,Fugees,remove,
380832,265,Fun,remove,
380832,265,fun.,remove,
10511,236,Gabin,remove,
390159,122,Gable,remove,
390159,122,Gablé,remove,
390159,122,Gablé,remove,
1915,222,Gabrielle,remove,
2598,128,Gala,remove,
565934,232,Games,remove,
1351745,164,Garçons,remove,
16043,106,Gate,remove,
2348971,168,Gauche,remove,
389512,250,Gaza,remove,
2165161,249,Gen,remove,
190652,218,Gen-X,remove,
190652,218,Gen.X,remove,
190652,218,Generation,remove,
2165161,249,Genesis,remove,
7764,93,Genius,remove,
190652,218,GenX,remove,
270499,185,Georgia,remove,
174349,99,Ghetto,remove,
130528,169,Gianni,remove,
11507475,169,Gianni,remove,
1370541,140,Giant,remove,
5293,140,Giant,remove,
15590,106,Giordano,remove,
79566,111,Giselle,remove,
5566,188,Goddard,remove,
1821,277,Gold,remove,
79727042,277,Gold,remove,
4517,217,Gomez,remove,
69451762,217,Gomez,remove,
2329,153,Gong,remove,
151999,185,Goodman,remove,
71229,209,Graal,remove,
62523,135,Grave,remove,
6139,109,Greig,remove,
371843,235,Grey,remove,
6139,109,Grieg,remove,
6139,109,Griege,remove,
56175,95,Griffin,remove,
121648,162,Gris,remove,
70503372,105,GTA,remove,
7972,267,Gucci,remove,
7972,267,GucciMane,remove,
278723,151,Guernica,remove,
663,284,Gun,remove,
78875,141,Gunter,remove,
78875,141,Gunther,remove,
78875,141,Günther,remove,
2666,128,Hair,remove,
5409,178,Hal,remove,
5409,178,HAL,remove,
85659022,94,Hallelujah,remove,
57016,174,Halloween,remove,
1710850,221,Hamé,remove,
8306,132,Hammer,remove,
13024,150,Hampton,remove,
241,149,Hamza,remove,
16757,161,Hanna,remove,
10671,96,Hate,remove,
3798,114,Hawaii,remove,
14691,97,Hawaii,remove,
51572602,243,Helen,remove,
16966,212,Helena,remove,
16966,212,Hélèna,remove,
426144,168,Hello,remove,
4683,115,Henderson,remove,
55683,115,Henderson,remove,
8184,178,Hepburn,remove,
8505956,242,Her,remove,
309,107,Hernandez,remove,
1621,175,Heron,remove,
347124,229,Highway,remove,
1699659,251,Hills,remove,
13264,153,Holden,remove,
9039,153,Holden,remove,
477,140,Hole,remove,
4490485,111,Hollis,remove,
540140,227,Holly,remove,
1329,112,Hood,remove,
1574887,123,Hook,remove,
303164,123,Hook,remove,
8597,211,Horn,remove,
56797,148,Horowitz,remove,
5515,261,Horse,remove,
211279,261,Horse,remove,
1078548,229,Hudson,remove,
310218,100,Hunger,remove,
310218,100,Hunger!,remove,
8468,117,Hurt,remove,
553004,95,Huxley,remove,
63400,290,Ice,remove,
63400,290,ICE,remove,
63400,290,ice,remove,
3365,133,Idaho,remove,
1427,157,Idir,remove,
2111,119,Idol,remove,
10948,105,Iglesias,remove,
1214959,114,Illusion,remove,
1930611,114,Illusion,remove,
7466992,92,Ilya,remove,
1263403,198,Ima,remove,
7143,94,Impressions,remove,
12890,102,Indian,remove,
1034268,186,Indiana,remove,
9309,103,Indigo,remove,
5531672,115,Infinit',remove,
126917,106,Invisible,remove,
15770,115,Ira,remove,
15770,115,Ira!,remove,
4064,135,J.D.,remove,
81695,291,Jacky,remove,
462385,291,Jacky,remove,
619197,110,Jadis,remove,
144434,91,Jaguar,remove,
337418,91,Jaguar,remove,
138,264,Jah,remove,
9822974,288,Jah,remove,
9638120,124,Jakob,remove,
16973,124,Jakob,remove,
478534,232,Jamal,remove,
262,265,Janet,remove,
451007,91,Janine,remove,
211247,148,Japan,remove,
12334,148,Japan,remove,
3221,200,Java,remove,
4064,135,Jaydee,remove,
836,116,Jeanette,remove,
836,116,Jeannette,remove,
468,103,Jenifer,remove,
3071,131,Jenkins,remove,
130374,131,Jenkins,remove,
5836581,250,Jesse,remove,
597,147,Jet,remove,
57503302,139,Joanna,remove,
5168,291,Joao,remove,
67334,269,Johnsons,remove,
5466958,125,Joli,remove,
245895,144,Jolly,remove,
9140,280,Joplin,remove,
1140369,124,Jordana,remove,
3381,122,Journey,remove,
244739,126,July,remove,
12889335,105,Jung,remove,
436163,239,Jungle,remove,
64303492,284,Junior,remove,
199147,252,Jupiter,remove,
72317542,252,Jupiter,remove,
1670514,161,Justin(e),remove,
1670514,161,Justine,remove,
13179,159,K-7,remove,
13179,159,K7,remove,
1385,189,Kansas,remove,
75011,120,Kessler,remove,
8161716,109,Khalil,remove,
378891,109,Khalil,remove,
1134514,147,Kiefer,remove,
427522,156,Kiev,remove,
80817132,96,Klan,remove,
1675,101,Knife,remove,
7260670,116,Kodak,remove,
15986,102,Koji,remove,
112398,145,Kramer,remove,
11700123,170,Kris,remove,
69521,96,Kristofferson,remove,
72820272,100,Kronos,remove,
560932,151,Kyle,remove,
479,128,Kylie,remove,
311396,209,Lafayette,remove,
15986,102,Lai,remove,
10304,229,Lake,remove,
463502,115,Lalo,remove,
82998,90,Laszlo,remove,
138279,213,LAUREL,remove,
138279,213,Laurel,remove,
4761823,137,Lautrec,remove,
1554,290,Lavilliers,remove,
1063,102,Lavoine,remove,
1644588,176,Lay,remove,
1644588,176,LAY,remove,
305544,204,Lazare,remove,
110145,105,Legacy,remove,
105387,207,Legend,remove,
75952,141,Leila,remove,
151951,145,Lemercier,remove,
246896,199,Lemmy,remove,
56149,158,Lena,remove,
12030,159,Lenine,remove,
397415,122,Leningrad,remove,
62815092,104,Léonie,remove,
582409,202,Leroux,remove,
582409,202,LeRoux,remove,
1439297,92,Lescop,remove,
528,207,Leslie,remove,
453638,123,Lhasa,remove,
1022,190,Libertines,remove,
4835501,137,Lido,remove,
81444,152,Lights,remove,
6568,120,Lino,remove,
2652,125,Lio,remove,
10237,257,Lips,remove,
1126856,226,Lise,remove,
168775,249,Liz,remove,
208931,171,Loco,remove,
123503,217,Lorenzo,remove,
56982,167,Lotus,remove,
79981422,167,Lotus,remove,
4453455,166,Louane,remove,
13650401,111,Loud,remove,
67532872,111,Loud,remove,
1290733,116,Lower,remove,
4348,278,LSD,remove,
50913632,166,Luce,remove,
8361242,167,Luce,remove,
51369022,285,Lucy,remove,
9618942,245,Luna,remove,
78598292,245,Luna,remove,
9092188,245,Luna,remove,
72505942,245,Luna,remove,
1055,201,Luz,remove,
1235534,182,Macha,remove,
56957,98,Machiavel,remove,
86690532,188,MADISON,remove,
86690532,188,Madison,remove,
1825,100,Madness,remove,
152947,99,Maestro,remove,
7034,104,Magnus,remove,
4446887,260,Mahmood,remove,
931,95,Maiden,remove,
12890,102,Malu,remove,
69627,163,Management,remove,
3892,149,Manitoba,remove,
5098407,259,Manon,remove,
83424,259,Manon,remove,
12611,127,Marc-Antoine,remove,
65,134,Mariah,remove,
71551,134,Mariah,remove,
115373982,202,Marquis,remove,
4197410,220,Marthe,remove,
553004,95,Martinet,remove,
56025852,162,Marty,remove,
181010,93,Martyn,remove,
4601,153,Mason,remove,
3047,98,Mass,remove,
116433,166,Massacre,remove,
4644244,97,Massy,remove,
108324,236,Master,remove,
56024642,274,Maurizio,remove,
75742,185,Maxim,remove,
2376,123,Maxwell,remove,
61494,264,Maya,remove,
394099,102,Mayday,remove,
120460,243,McCarthy,remove,
1825,100,Mednis,remove,
4186,128,Melanie,remove,
242083,91,Melhaud,remove,
67682,180,Melissa,remove,
67682,180,Mélissa,remove,
345439,134,Memory,remove,
1388943,223,Merlin,remove,
6351846,114,Meryl,remove,
67030,165,Message,remove,
291491,165,Message,remove,
13777,223,Messenet,remove,
4968870,95,Metro,remove,
405957,107,Meyers,remove,
3878,111,"MIA,",remove,
77256,146,Michele,remove,
77256,146,Michelle...,remove,
61583,102,Microphones,remove,
391975,152,Milk,remove,
160729,155,Milo,remove,
4720,212,Milton,remove,
7434818,253,Mimi,remove,
9492,176,Mina,remove,
9492,176,MiNa,remove,
210976,148,Mini,remove,
1065260,181,Minnesota,remove,
95026,221,Miracle,remove,
72409262,137,Miro,remove,
91,142,Misdemeanor,remove,
91,142,Missdemeanor,remove,
91,142,Missy,remove,
6068,203,Mocky,remove,
249075,99,Moderne,remove,
616137,288,Moïse,remove,
1114023,177,Molina,remove,
156631,108,Molly,remove,
72643602,108,Molly,remove,
12308,142,Monkey,remove,
3075,133,Mono,remove,
3075,133,mono,remove,
5227946,196,Montagne,remove,
432258,210,Montana,remove,
98097942,226,Monty,remove,
392142,195,Monuments,remove,
10713,151,Mood,remove,
9769192,151,Mood,remove,
57544,139,Morton,remove,
11225,274,Moss,remove,
380362,273,Mother,remove,
989667,144,Mountains,remove,
291144,167,Mourad,remove,
15145,118,Moussa,remove,
62589302,118,Moussa,remove,
69758,108,Mudcrack,remove,
69758,108,Mudcracks,remove,
114487062,96,Mundo,remove,
179055,176,Mussolini,remove,
5061171,125,Must,remove,
194809,110,Mustang,remove,
250989,113,Mute,remove,
405957,107,Myers,remove,
83967412,92,Mystery,remove,
56840,123,Nada,remove,
80780,266,Nadine,remove,
1336421,100,Nails,remove,
80240432,162,Nana,remove,
1219587,273,Naomi,remove,
267747,167,Nasser,remove,
11728859,181,Navarre,remove,
127811,173,Need,remove,
1108769,279,Neige,remove,
105,185,Nelly,remove,
6073582,250,Neo,remove,
73369,96,Neon,remove,
76769162,96,Neon,remove,
308440,96,Népal,remove,
63039,103,Neptune,remove,
240,123,nerd,remove,
6015,230,Nil,remove,
6461,188,Nile,remove,
69681,150,Nillson,remove,
69681,150,Nillsson,remove,
69681,150,Nilson,remove,
69681,150,Nilsson,remove,
66563,190,Nine,remove,
58624,208,Niro,remove,
175780917,212,Nixon,remove,
62065,121,NME,remove,
180460,256,Noah,remove,
1133090,133,Nobody,remove,
10579,133,Nobody,remove,
560482,208,Norma,remove,
210808,260,Normal,remove,
161392,237,North,remove,
6924,191,Novembre,remove,
1209354,213,Null,remove,
1209354,213,núll,remove,
372411,102,Oberkampf,remove,
72314,134,OCS,remove,
12777,91,OCS,remove,
94405,221,Octobre,remove,
90680,221,Octobre,remove,
180252,120,Odessa,remove,
415970,95,Oli,remove,
4397047,187,Olympe,remove,
893826,205,Opus,remove,
893826,205,OPUS,remove,
132,200,Opus,remove,
2165161,249,Or/Not,remove,
79765,150,Oregon,remove,
1433611,141,Organisation,remove,
66028,225,Orleans,remove,
3275,259,Orson,remove,
58551,169,Orwell,remove,
322968,122,Othello,remove,
342453,217,Oum,remove,
15915,199,Ours,remove,
9,115,Outcast.,remove,
7334,179,Owen,remove,
70909,168,P.O.L.,remove,
215,173,Paich,remove,
6488,217,Pain,remove,
469401,131,Palm,remove,
5292477,218,Palmer,remove,
84111,152,Panama,remove,
100109,95,Panther,remove,
1106074,231,Passage,remove,
110607,107,Passions,remove,
4975,133,Passy,remove,
1105946,119,Patience,remove,
104891,220,Paz,remove,
872,118,Peaches,remove,
67035,249,Pearl,remove,
368515,243,Peau,remove,
10785056,180,Peggy,remove,
1744,123,Percussions,remove,
92113,221,Perez,remove,
156148,155,Perfect,remove,
156148,155,Perfekt,remove,
8991,171,Perkins,remove,
1515481,250,Phèdre,remove,
5107,268,Phillips,remove,
400458,147,Picture,remove,
6704,174,Pinnochio,remove,
87562,174,Pinocchio,remove,
6704,174,Pinocchio,remove,
12433042,131,Pins,remove,
195723,96,Piper,remove,
1369715,161,Pirate,remove,
7620104,112,Piscine,remove,
7620104,112,PISCINE,remove,
466694,187,Pivot,remove,
14309985,148,Placebo,remove,
256922,163,Plaza,remove,
110246732,148,Please,remove,
1266381,139,Plume,remove,
478,186,Poe,remove,
270985,126,POIRIER,remove,
270985,126,Poirier,remove,
11125,116,Pokémon,remove,
97993702,167,Polar,remove,
1275175,167,Polar,remove,
163852,167,Polo,remove,
5382747,196,Pomme,remove,
205596157,209,Portland,remove,
1941,89,Portman,remove,
1638393,169,Poté,remove,
66467,91,Pratt,remove,
290503,265,Premiere,remove,
66958,247,Premiers,remove,
55686,105,Prez,remove,
1094303,196,Price,remove,
452669,107,Priest,remove,
130260602,107,Priest,remove,
207684527,129,Primal,remove,
13123005,93,Prime,remove,
13123005,93,PRIME,remove,
13123005,93,PrimeTimeFUT,remove,
290503,265,Primo,remove,
123659952,287,Princesse,remove,
12000,137,Prodigy,remove,
55712,205,Programme,remove,
398073,99,Psy,remove,
72679,155,Pure,remove,
293345,99,Pussy,remove,
8712,152,Quartz,remove,
6821499,269,Quincy,remove,
62996,139,R.S.,remove,
4836,244,Rage,remove,
1324,136,Rainbow,remove,
11213878,136,Rainbow,remove,
4665964,151,Random,remove,
5179221,265,Raphael,remove,
8338,165,Rapture,remove,
1053187,117,Rare,remove,
7738,121,Rat,remove,
106785,218,Ravi,remove,
106785,218,RAVI,remove,
346662,173,Rebel,remove,
7541,202,Redman,remove,
8185084,271,Regard,remove,
7613,91,Rei,remove,
96719,104,Remember,remove,
245595,241,Renard,remove,
7198066,105,Rendez-Vous,remove,
1703,134,Residents,remove,
80689,159,Respect,remove,
1252,121,Revolver,remove,
10787,119,Revolver,remove,
13820091,119,Revolver,remove,
1201027,92,Reyes,remove,
20,103,Rhapsody,remove,
1101289,255,Rhodes,remove,
93518,151,Rico,remove,
143731,151,Rico,remove,
1303,165,Ride,remove,
214936,283,Ringo,remove,
6858051,155,Riot,remove,
54044292,162,Riot,remove,
54044292,162,RIOT,remove,
1639073,178,Rivera,remove,
2648,163,Robyn,remove,
103702,118,Rocherau,remove,
103702,118,Rochereau,remove,
6976,176,Rockets,remove,
183725,103,Rockwell,remove,
5566104,284,Rocky,remove,
6976,176,Roketz,remove,
1032776,252,Romano,remove,
284883,121,Romero,remove,
188177,198,Romy,remove,
85901,146,Roosevelt,remove,
554643,119,Rosetta,remove,
5741,102,Rota,remove,
75833,256,Rothko,remove,
4123,117,Rover,remove,
52829882,106,Ruby,remove,
214,239,Rufus,remove,
8686,134,Rush,remove,
249308,167,Sabbat,remove,
647,165,Sabbat,remove,
249308,167,Sabbath,remove,
647,165,Sabbath,remove,
647,165,Sabbs,remove,
346307,137,Sabrina,remove,
16188,89,Saga,remove,
7229636,180,Sage,remove,
14221109,263,Saïd,remove,
55099,123,Saints,remove,
62996,139,Sakamoto,remove,
339222,146,Salem,remove,
13666,261,Salif,remove,
4897567,212,Sally,remove,
65971002,212,Sally,remove,
73131,89,salt,remove,
10886,291,Salut,remove,
281306,194,Samson,remove,
176206,278,Sand,remove,
4898753,232,Sanders,remove,
3550,255,Sandra,remove,
454131,115,Sandy,remove,
5317171,115,Sandy,remove,
4890,191,Sasha,remove,
10267328,191,Sasha,remove,
12341,185,Satan,remove,
3684,185,Satan,remove,
83044,178,Savage,remove,
76775202,132,Savage,remove,
83044,178,Savages,remove,
1951,91,Scarface,remove,
283333,98,Schnitzler,remove,
2677,120,Schwartz,remove,
367916,142,Scratch,remove,
3780,245,Scream,remove,
143171,120,SEB,remove,
143171,120,Seb,remove,
283762,112,Secrets,remove,
283762,112,SECRETS,remove,
3119,173,Self,remove,
112571752,139,Serpent,remove,
786,207,Serra,remove,
56150,140,Seth,remove,
259567,92,Séverin,remove,
2783,192,Shadows,remove,
61209,104,Shaka,remove,
160,99,Shaki,remove,
56740,112,Shamon,remove,
4433930,174,Shankar,remove,
4433930,174,Shankav,remove,
79549,113,Shannon,remove,
56740,112,Shannon,remove,
264523,126,Shaq,remove,
261566,144,she,remove,
81341,96,Shelter,remove,
4433930,174,Shenkar,remove,
6060,120,Shining,remove,
7506642,120,Shining,remove,
8141338,191,Shoes,remove,
152798,191,Shoes,remove,
556,128,Shore,remove,
207645,173,Sibelius,remove,
207645,173,Sibilus,remove,
74368152,143,Sid,remove,
440380,269,Sidney,remove,
207645,173,Siebelius,remove,
240544,194,Sierra,remove,
240544,194,SIERRA,remove,
142929,118,Silicon,remove,
4044591,172,Simpson,remove,
75709702,136,Sin,remove,
75709702,136,sin,remove,
1138,195,Sinclair,remove,
61583,102,Singers,remove,
6509,194,Sister,remove,
2272,184,Skin,remove,
195723,96,Skunk,remove,
7258,140,Slant,remove,
10336,110,Slash,remove,
146195,144,Sleep,remove,
178009,190,Slim,remove,
1280947,174,Slow,remove,
192,251,Slowhand,remove,
188988,176,Smile,remove,
1297,236,Smiths,remove,
2940,132,Smoke,remove,
89657,111,Sofiane,remove,
152028,105,Sofie,remove,
55754,288,Soft,remove,
152471,102,Soho,remove,
69031,290,Solal,remove,
110703,201,Solange,remove,
77160,143,Solti,remove,
89787,165,Sonar,remove,
2679,118,Sondheim,remove,
82350,97,Song-Poem,remove,
11728939,270,SÔNGE,remove,
11728939,270,Sônge,remove,
9309,103,Sonique,remove,
4606399,199,Sophia,remove,
13011,199,Soprano,remove,
4628532,98,Soto,remove,
2698,189,Sparks,remove,
77498072,187,Sparks,remove,
1657,99,Specials,remove,
118799472,121,Spice,remove,
118799472,121,SPICE,remove,
71378,283,Spirit,remove,
241,149,Spleen,remove,
195383867,94,Sport,remove,
13532685,137,Sports,remove,
476895,137,Sports,remove,
6572991,163,Spring,remove,
1469025,111,St.Germain,remove,
455452,269,Staples,remove,
68540642,250,Stardust,remove,
71133,272,Stern,remove,
1161981,132,Stevenson,remove,
128396732,286,Still,remove,
341993,178,Stories,remove,
4125,166,Storm,remove,
410,118,Sublime,remove,
6365,93,Suede,remove,
3374,271,Sugar,remove,
311222,110,Sully,remove,
180107357,110,Sully,remove,
83766,163,Sunshine,remove,
2318,108,Superdiscount,remove,
6365,93,Svede,remove,
357278,163,Swann,remove,
293826,186,Swing,remove,
765803,213,syd,remove,
765803,213,Syd,remove,
178978117,213,Syd,remove,
179055,176,Syke,remove,
7179,115,Sylverster,remove,
7179,115,Sylvester,remove,
4421539,289,Sylvia,remove,
12246,228,T-Swizzle,remove,
4799979,200,Taiwan,remove,
70463,104,Talbot,remove,
294233,117,Tangerine,remove,
8213,160,Television,remove,
808084,101,Tempest,remove,
6466283,136,Tempo,remove,
112422,120,Ten,remove,
4287,102,Tes,remove,
410729,157,Them,remove,
2463,142,THEM,remove,
2463,142,Them,remove,
410729,157,Themselves,remove,
138432432,198,Théodore,remove,
1325237,120,Thibaud,remove,
340,259,Three,remove,
391156,235,Thrones,remove,
338439,200,Tibet,remove,
9662,110,Timbaland,remove,
9662,110,Timberland,remove,
463782,139,Timbre,remove,
150668,98,Tobias,remove,
150668,98,tobias.,remove,
150668,98,Tobias.,remove,
319563,192,Together,remove,
60552072,151,Tomorrow,remove,
81092,95,Toots,remove,
7244,119,Tortoise,remove,
2044,232,tosca,remove,
2044,232,Tosca,remove,
2044,232,Toska,remove,
14790,234,Total,remove,
52463032,168,Toto,remove,
215,173,Toto,remove,
215,173,Totto,remove,
421471,291,Trade,remove,
6126,108,Traffic,remove,
13328853,108,Traffic,remove,
1799,118,Tragedie,remove,
1799,118,Tragédie,remove,
2677,120,Trask,remove,
1295,166,Travis,remove,
1073340,292,Tree,remove,
10715,99,Trees,remove,
7824,96,Triangle,remove,
68022,147,Tribe,remove,
1541,198,Tricky,remove,
1693096,101,Tricot,remove,
1693096,101,tricot,remove,
77237,154,Trip,remove,
166426,245,Trouble,remove,
10443928,245,Trouble,remove,
650,185,Trust,remove,
1087,120,TTC,remove,
5013804,126,Tweedy,remove,
15206,104,Twilight,remove,
332628,164,Twist,remove,
16596,184,Tyler,remove,
78998,184,Tyler,remove,
472954,138,Tyshane,remove,
280497,132,Uematsu,remove,
6712,146,Ultra,remove,
157992,146,Umberto,remove,
276,93,Underworld,remove,
345556,103,Universe,remove,
82981622,132,Utopia,remove,
5554,162,Vadim,remove,
1365091,162,Vadim,remove,
5175734,99,Vald,remove,
1473,151,Valeria,remove,
1333058,200,Vampire,remove,
1406237,112,Velazquez,remove,
1406237,112,Velázquez,remove,
280057,187,Ventura,remove,
1430,220,Venus,remove,
1644463,124,Verdun,remove,
6147614,239,Verité,remove,
6147614,239,Vérité,remove,
6147614,239,VÉRITÉ,remove,
869,195,Verve,remove,
5879760,137,VHS,remove,
13399485,242,Vice,remove,
164028,244,Vidal,remove,
1050803,280,VII,remove,
1968,124,Vinicius,remove,
1968,124,Vinícius,remove,
2994,152,Violence,remove,
5344492,98,Violetta,remove,
4134,222,Visage,remove,
293192,134,Visions,remove,
7678,175,Vita,remove,
128909,217,Viva,remove,
14653983,104,Voices,remove,
134060,110,Voyager,remove,
144275,187,Vue,remove,
101030,127,Wake,remove,
15277,107,Waller,remove,
57327,128,Waterloo,remove,
2185,138,Wax,remove,
80713632,138,Wax,remove,
5832867,151,Weekend,remove,
4050205,280,Weekend,remove,
4603374,216,Weiss,remove,
15068639,124,Wendy,remove,
15068639,124,WENDY,remove,
6745,228,Wes,remove,
6073582,250,Why,remove,
8556,291,Wildcountry,remove,
2709,120,Wings,remove,
160707,121,Wise,remove,
101469,127,WITCH,remove,
101469,127,Witch,remove,
135227,217,Women,remove,
61305632,149,Woo,remove,
411895,192,Woods,remove,
509802,105,Words,remove,
390705,97,Words,remove,
509802,105,Wordsworth,remove,
4536175,199,Work,remove,
1401370,103,Wrong,remove,
9822974,288,XXX,remove,
3353,245,Yello,remove,
3353,245,Yellow,remove,
2711,243,Yes,remove,
13516733,118,Youri,remove,
72041,102,Yuksek,remove,
2702,126,Yusuf,remove,
14290009,211,Yvette,remove,
8605,94,Zao,remove,
51479842,94,Zao,remove,
8605,94,ZAO,remove,
4651125,154,Zelda,remove,
1450126,150,Zelda,remove,
1450126,150,ZELDA,remove,
89675942,203,Zero,remove,
1209354,213,Zëro,remove,
83966752,92,Zeus,remove,
58585,190,Zoé,remove,
146896722,103,Zoo,remove,
1576508,284,Zorn,remove,
995510,292,La Femme,remove,
